日期,开盘价,最高价,最低价,收盘价,成交额,成交量
20150902,11.18,12,11.06,11.84,3.2738e+09,281574592
20150907,11.55,11.56,10.89,10.89,1.54406e+09,137611008
20150908,10.88,11.15,10.59,11,8.15241e+08,74729200
20150909,11.03,11.19,10.88,11.1,9.40582e+08,85107296
20150910,11,11.18,10.94,11.05,5.14578e+08,46520500
20150911,11.02,11.12,10.88,10.96,4.69297e+08,42645000
20150914,10.99,11,10.45,10.87,8.13927e+08,75645200
20150915,10.69,10.85,10.5,10.57,5.79042e+08,54283900
20150916,10.59,11.08,10.52,10.9,6.12767e+08,56924300
20150917,10.85,11.14,10.77,10.77,6.82338e+08,62079800
20150918,10.84,10.96,10.73,10.81,3.45063e+08,31827200
20150921,10.7,10.89,10.65,10.82,4.16851e+08,38611100
20150922,10.83,11.06,10.82,10.96,5.41007e+08,49295500
20150923,10.86,10.91,10.68,10.7,3.99583e+08,37115000
20150924,10.76,10.81,10.67,10.71,2.77274e+08,25863200
20150925,10.69,10.71,10.45,10.55,4.71537e+08,44642000
20150928,10.56,10.59,10.43,10.53,2.09186e+08,19908700
20150929,10.45,10.56,10.32,10.38,3.47612e+08,33360300
20150930,10.4,10.59,10.39,10.49,3.8323e+08,36465900
20151008,10.85,10.89,10.7,10.7,5.33806e+08,49407000
20151009,10.75,10.95,10.72,10.9,5.1631e+08,47461200
20151012,10.96,11.38,10.91,11.23,9.50602e+08,84966496
20151013,11.2,11.26,11.09,11.13,4.016e+08,35979800
20151014,11.04,11.15,10.94,10.98,4.62963e+08,41898000
20151015,10.95,11.17,10.94,11.17,5.39103e+08,48590000
20151016,11.21,11.3,11.16,11.23,6.40488e+08,57000100
20151019,11.27,11.35,11.15,11.26,8.1491e+08,72337104
20151020,11.2,11.38,11.19,11.32,8.07642e+08,71516304
20151021,11.29,11.75,11.18,11.22,1.52359e+09,133262896
20151022,11.25,11.4,11.18,11.33,9.2896e+08,82280496
20151023,11.39,11.53,11.34,11.47,1.07398e+09,93742496
20151026,11.6,11.81,11.44,11.52,1.26087e+09,108591696
20151027,11.5,11.64,11.34,11.48,6.64648e+08,58043600
20151028,11.46,11.48,11.25,11.27,6.1979e+08,54481100
20151029,11.3,11.36,11.25,11.27,3.5783e+08,31670300
20151030,11.3,11.42,11.27,11.36,6.0798e+08,53593000
20151102,11.27,11.32,11.1,11.14,5.44e+08,48443500
20151103,11.15,11.21,11.01,11.05,4.34818e+08,39126500
20151104,11.08,11.7,11.05,11.69,1.49326e+09,130724400
20151105,11.6,12.57,11.55,12.07,2.78027e+09,229218896
20151106,12.02,12.41,11.92,12.39,1.78133e+09,146319392
20151109,12.5,13.38,12.46,12.94,3.13764e+09,241388704
20151110,12.8,13.07,12.61,12.75,1.43871e+09,112502704
20151111,12.7,12.78,12.38,12.55,1.28017e+09,102173504
20151112,12.6,12.65,12.28,12.4,8.33753e+08,67113904
20151113,12.22,12.48,12.19,12.24,7.22252e+08,58755500
20151116,12.13,12.39,12.09,12.34,6.85977e+08,55984800
20151117,12.41,12.7,12.36,12.5,1.31532e+09,104648600
20151118,12.46,12.7,12.31,12.42,9.91513e+08,79370400
20151119,12.4,12.51,12.33,12.5,5.85571e+08,47112000
20151120,12.5,12.59,12.42,12.55,7.47487e+08,59803600
20151123,12.55,12.6,12.38,12.45,7.60493e+08,60797500
20151124,12.41,12.45,12.16,12.28,8.12675e+08,66421400
20151125,12.21,12.37,12.17,12.32,6.29507e+08,51346200
20151126,12.36,12.38,12.2,12.23,6.79692e+08,55221000
20151127,12.18,12.2,11.53,11.73,8.67702e+08,72802496
20151130,11.72,11.87,11.5,11.74,7.70221e+08,65849300
20151201,11.7,11.86,11.51,11.75,7.93118e+08,68025296
20151202,11.7,12.64,11.66,12.51,1.97875e+09,161576000
20151203,12.39,12.75,12.25,12.45,1.78601e+09,142597600
20151204,12.31,12.38,12.08,12.12,9.34906e+08,76453200
20151207,12.18,12.25,12.04,12.15,4.8837e+08,40279200
20151208,12.07,12.09,11.9,11.96,6.02568e+08,50310100
20151209,11.92,12.12,11.9,11.99,5.15596e+08,42938400
20151210,11.95,12.14,11.91,11.96,5.02326e+08,41760300
20151211,11.91,11.92,11.73,11.83,4.488e+08,37950800
20151214,11.73,12.11,11.71,12.07,6.98792e+08,58723600
20151215,12.03,12.09,11.86,11.92,4.36557e+08,36448700
20151216,11.98,12.01,11.88,11.89,4.6851e+08,39276200
20151217,11.97,12.14,11.96,12.07,7.80891e+08,64827400
20151218,12.03,12.55,12.02,12.23,1.25736e+09,102294400
20151221,12.14,12.72,12.11,12.51,1.59574e+09,128114200
20151222,12.5,12.62,12.38,12.43,8.70121e+08,69809104
20151223,12.47,12.78,12.4,12.48,1.30234e+09,103901800
20151224,12.46,12.56,12.24,12.34,7.91975e+08,64022900
20151225,12.38,12.47,12.33,12.41,4.95638e+08,39984500
20151228,12.43,12.46,11.98,11.98,1.00301e+09,82240800
20151229,11.99,12.1,11.97,12.09,7.44718e+08,61980200
20151230,12.09,12.11,11.95,12.1,6.41277e+08,53266700
20151231,12.1,12.13,11.98,11.99,5.91643e+08,49125800
20160104,12,12.03,11.23,11.33,6.60376e+08,56349700
20160105,11.27,11.57,11.15,11.4,7.55531e+08,66326900
20160106,11.42,11.56,11.39,11.53,5.91698e+08,51570600
20160107,11.41,11.41,10.91,10.94,1.94869e+08,17476100
20160108,11.21,11.29,10.9,11.12,8.31334e+08,74752704
20160111,11,11.08,10.68,10.76,8.00683e+08,73201296
20160112,10.83,10.91,10.64,10.81,6.0597e+08,56164200
20160113,10.89,10.94,10.7,10.71,4.24371e+08,39170900
20160114,10.59,10.8,10.48,10.77,7.08534e+08,66631400
20160115,10.66,10.8,10.42,10.46,4.74908e+08,44820200
20160118,10.34,10.56,10.3,10.41,4.39917e+08,42104000
20160119,10.45,10.78,10.41,10.71,5.32074e+08,50110900
20160120,10.7,10.8,10.44,10.54,6.40968e+08,60375200
20160121,10.48,10.75,10.32,10.32,6.38127e+08,60614500
20160122,10.4,10.45,10.22,10.4,4.82984e+08,46675200
20160125,10.4,10.44,10.33,10.37,3.90734e+08,37643100
20160126,10.32,10.32,9.86,9.87,6.53561e+08,64790100
20160127,9.93,9.98,9.6,9.88,5.5851e+08,56903700
20160128,9.82,9.89,9.65,9.69,2.96055e+08,30254000
20160129,9.74,10.08,9.69,10,5.40544e+08,54443500
20160201,9.98,10.01,9.74,9.8,4.12635e+08,41773200
20160202,9.8,10.03,9.78,9.95,3.6736e+08,36910400
20160203,9.85,9.89,9.77,9.85,2.69997e+08,27457200
20160204,9.89,10,9.88,9.95,3.70586e+08,37309900
20160205,9.96,9.97,9.91,9.92,2.69184e+08,27089300
20160215,9.66,9.85,9.65,9.79,2.71173e+08,27849900
20160216,9.84,10.03,9.83,10.01,4.27507e+08,42838600
20160217,10.03,10.22,9.99,10.15,5.90538e+08,58516700
20160218,10.18,10.22,10.09,10.09,4.12337e+08,40617800
20160219,10.09,10.14,9.99,10.04,3.20939e+08,31889800
20160222,10.13,10.31,10.06,10.29,6.30251e+08,61773900
20160223,10.29,10.29,10.05,10.12,4.32315e+08,42587400
20160224,10.06,10.15,10.01,10.15,3.02498e+08,30010300
20160225,10.12,10.13,9.6,9.67,6.15004e+08,62207200
20160226,9.77,9.83,9.66,9.79,3.82634e+08,39215400
20160229,9.79,9.81,9.42,9.56,5.42184e+08,56689600
20160301,9.62,9.77,9.58,9.7,3.65149e+08,37791000
20160302,9.75,10.13,9.72,10.1,6.73626e+08,67661296
20160303,10.09,10.18,10.04,10.11,5.59045e+08,55308900
20160304,10.09,10.5,10.07,10.4,1.42927e+09,138124896
20160307,10.35,10.49,10.3,10.34,6.30155e+08,60635200
20160308,10.36,10.36,9.94,10.28,6.50471e+08,64315600
20160309,10.14,10.22,10.04,10.17,3.30124e+08,32590000
20160310,10.24,10.35,10.13,10.15,4.86414e+08,47402000
20160311,10.1,10.22,10.04,10.16,3.89638e+08,38373600
20160314,10.21,10.46,10.21,10.26,6.79161e+08,65515800
20160315,10.28,10.36,10.16,10.32,4.28786e+08,41792000
20160316,10.27,10.45,10.25,10.35,6.90087e+08,66488600
20160317,10.36,10.48,10.3,10.42,6.35181e+08,61099600
20160318,10.42,10.57,10.4,10.54,8.36565e+08,79721504
20160321,10.55,10.86,10.55,10.8,9.87764e+08,92043200
20160322,10.77,10.94,10.69,10.72,6.75406e+08,62548200
20160323,10.71,10.77,10.61,10.7,4.58963e+08,43027800
20160324,10.61,10.63,10.5,10.52,3.93411e+08,37240600
20160325,10.51,10.6,10.5,10.59,2.50338e+08,23707000
20160328,10.62,10.65,10.45,10.48,3.78973e+08,35862100
20160329,10.51,10.52,10.38,10.43,3.32422e+08,31831700
20160330,10.48,10.7,10.47,10.7,5.72627e+08,53969900
20160331,10.71,10.75,10.64,10.64,4.47266e+08,41838700
20160401,10.62,10.69,10.5,10.66,3.9183e+08,36934100
20160405,10.62,10.81,10.5,10.7,6.32378e+08,59230800
20160406,10.68,10.75,10.61,10.72,4.64962e+08,43525900
20160407,10.72,10.73,10.59,10.59,4.01949e+08,37771900
20160408,10.55,10.67,10.5,10.57,3.97998e+08,37655300
20160411,10.6,10.8,10.6,10.72,8.40486e+08,78638600
20160412,10.7,10.71,10.62,10.67,3.18538e+08,29859900
20160413,10.73,10.97,10.71,10.81,9.29858e+08,85676000
20160414,10.88,10.9,10.79,10.84,3.50702e+08,32364600
20160415,10.84,10.94,10.8,10.88,5.41052e+08,49722400
20160418,10.82,10.85,10.73,10.73,3.77791e+08,35065400
20160419,10.77,10.81,10.71,10.77,2.34479e+08,21823900
20160420,10.77,10.78,10.36,10.52,6.40149e+08,60658600
20160421,10.52,10.63,10.45,10.51,5.88731e+08,55879900
20160422,10.46,10.62,10.41,10.55,3.79176e+08,35967700
20160425,10.56,10.56,10.42,10.5,3.66533e+08,34925700
20160426,10.48,10.6,10.46,10.59,3.06962e+08,29169900
20160427,10.58,10.61,10.52,10.57,2.53308e+08,23955300
20160428,10.58,10.76,10.54,10.66,4.87261e+08,45746000
20160429,10.64,10.64,10.55,10.57,4.28582e+08,40497700
20160503,10.58,10.72,10.52,10.68,5.21137e+08,48910200
20160504,10.68,10.75,10.66,10.72,4.41848e+08,41243500
20160505,10.69,10.72,10.65,10.72,2.56002e+08,23951600
20160506,10.73,10.73,10.52,10.52,3.67408e+08,34654500
20160509,10.5,10.53,10.32,10.35,4.28356e+08,41117100
20160510,10.34,10.37,10.27,10.28,3.01767e+08,29259900
20160511,10.3,10.44,10.3,10.37,3.39005e+08,32728900
20160512,10.31,10.4,10.25,10.38,3.36792e+08,32588500
20160513,10.35,10.4,10.33,10.35,1.91007e+08,18426600
20160516,10.32,10.36,10.25,10.36,2.21931e+08,21522400
20160517,10.36,10.37,10.24,10.3,2.57859e+08,25042400
20160518,10.29,10.32,10.17,10.3,5.47076e+08,53415000
20160519,10.27,10.32,10.25,10.25,1.75591e+08,17077700
20160520,10.24,10.33,10.19,10.3,2.12277e+08,20670300
20160523,10.33,10.34,10.25,10.28,3.333e+08,32364600
20160524,10.27,10.28,10.19,10.21,2.65042e+08,25929400
20160525,10.25,10.28,10.19,10.23,2.09019e+08,20423500
20160526,10.22,10.27,10.17,10.22,2.66736e+08,26139600
20160527,10.22,10.29,10.19,10.27,2.28377e+08,22281800
20160530,10.25,10.28,10.2,10.28,3.90119e+08,38094600
20160531,10.26,10.57,10.26,10.55,9.91668e+08,94646704
20160601,10.51,10.55,10.44,10.48,5.84161e+08,55675000
20160602,10.47,10.48,10.42,10.46,3.06269e+08,29303600
20160603,10.47,10.52,10.41,10.5,4.43039e+08,42338900
20160606,10.51,10.53,10.45,10.51,3.54998e+08,33833200
20160607,10.52,10.53,10.48,10.52,2.40887e+08,22928200
20160608,10.54,10.54,10.46,10.5,2.81651e+08,26818800
20160613,10.46,10.47,10.33,10.33,3.58996e+08,34481600
20160614,10.34,10.41,10.32,10.4,2.83578e+08,27363700
20160615,10.33,10.48,10.32,10.44,3.94033e+08,37817200
20160616,8.57,8.6,8.53,8.57,3.31192e+08,38667000
20160617,8.57,8.61,8.54,8.58,2.70236e+08,31517300
20160620,8.59,8.6,8.56,8.6,2.32205e+08,27073100
20160621,8.61,8.65,8.58,8.61,3.2794e+08,38074900
20160622,8.6,8.73,8.58,8.73,4.13947e+08,47800200
20160623,8.67,8.7,8.63,8.66,2.9049e+08,33561400
20160624,8.64,8.7,8.52,8.57,3.67771e+08,42766400
20160627,8.57,8.64,8.54,8.61,2.80044e+08,32521400
20160628,8.58,8.64,8.56,8.63,2.89122e+08,33651900
20160629,8.63,8.69,8.62,8.69,3.19908e+08,36961100
20160630,8.69,8.74,8.66,8.7,3.15051e+08,36220400
20160701,8.69,8.73,8.68,8.71,3.03652e+08,34893000
20160704,8.69,8.86,8.67,8.81,5.34656e+08,60825700
20160705,8.8,8.83,8.77,8.81,3.71422e+08,42203700
20160706,8.8,8.82,8.76,8.79,2.83827e+08,32295000
20160707,8.79,8.8,8.74,8.78,2.74337e+08,31285300
20160708,8.79,8.79,8.73,8.74,2.28778e+08,26134200
20160711,8.75,8.79,8.74,8.75,3.20333e+08,36537200
20160712,8.75,8.89,8.74,8.88,6.27505e+08,71183200
20160713,8.88,9.05,8.86,8.99,7.16797e+08,79828800
20160714,8.97,9,8.91,8.94,3.21889e+08,35969900
20160715,8.95,9,8.91,8.99,3.15555e+08,35203300
20160718,8.99,9.08,8.97,9.04,4.57358e+08,50693400
20160719,9.04,9.05,8.95,8.97,3.26046e+08,36278700
20160720,8.96,8.99,8.95,8.96,2.78737e+08,31092600
20160721,8.95,9.01,8.95,8.99,3.0571e+08,34026100
20160722,8.99,8.99,8.92,8.94,2.64379e+08,29554900
20160725,8.93,8.98,8.91,8.98,2.36937e+08,26468200
20160726,8.97,9.12,8.97,9.11,4.94506e+08,54655600
20160727,9.12,9.17,8.91,9.01,7.41263e+08,81867800
20160728,8.98,9.11,8.97,9.08,4.3449e+08,47991000
20160729,9.08,9.24,9.03,9.2,6.14972e+08,67142496
20160801,9.18,9.34,9.17,9.28,7.02466e+08,75932400
20160802,9.24,9.26,9.17,9.25,4.13484e+08,44916500
20160803,9.21,9.22,9.15,9.18,3.89817e+08,42462200
20160804,9.17,9.18,8.93,8.99,1.21035e+09,134446208
20160805,8.99,9.07,8.95,9.04,6.54998e+08,72594800
20160808,9.04,9.11,9.01,9.11,3.61191e+08,39847900
20160809,9.09,9.15,9.07,9.15,3.7872e+08,41567600
20160810,9.15,9.18,9.12,9.14,3.99656e+08,43665500
20160811,9.14,9.35,9.13,9.22,8.66594e+08,93557600
20160812,9.2,9.53,9.18,9.5,1.28234e+09,137002096
20160815,9.55,9.8,9.51,9.68,1.8352e+09,189755200
20160816,9.68,9.68,9.46,9.52,1.05048e+09,109955800
20160817,9.52,9.6,9.48,9.55,5.34926e+08,56072500
20160818,9.56,9.59,9.43,9.5,6.58183e+08,69150400
20160819,9.49,9.52,9.43,9.51,4.78779e+08,50533400
20160822,9.5,9.51,9.36,9.4,9.22426e+08,97943200
20160823,9.38,9.45,9.37,9.4,8.38185e+08,89065600
20160824,9.41,9.43,9.38,9.43,6.88971e+08,73228096
20160825,9.42,9.45,9.34,9.44,5.80648e+08,61738900
20160826,9.45,9.47,9.4,9.45,4.73688e+08,50223300
20160829,9.41,9.45,9.38,9.42,5.32295e+08,56523100
20160830,9.42,9.47,9.41,9.47,5.61854e+08,59508100
20160831,9.46,9.5,9.43,9.49,4.63875e+08,48974600
20160901,9.49,9.52,9.42,9.45,4.54848e+08,48013100
20160902,9.43,9.46,9.42,9.45,3.48054e+08,36879600
20160905,9.46,9.46,9.4,9.42,4.43204e+08,46993600
20160906,9.42,9.43,9.36,9.41,5.39813e+08,57473800
20160907,9.41,9.42,9.37,9.4,4.31984e+08,45937300
20160908,9.39,9.42,9.38,9.4,2.77503e+08,29521800
20160909,9.4,9.43,9.36,9.38,3.07527e+08,32743100
20160912,9.29,9.32,9.13,9.16,6.97759e+08,75658096
20160913,9.18,9.21,9.14,9.19,4.23113e+08,46093100
20160914,9.17,9.18,9.05,9.06,3.84081e+08,42148100
20160919,9.05,9.14,9.05,9.12,3.22575e+08,35434800
20160920,9.12,9.12,9.04,9.08,3.96359e+08,43667800
20160921,9.08,9.1,9.03,9.08,3.67767e+08,40566500
20160922,9.1,9.18,9.09,9.16,4.51909e+08,49461300
20160923,9.16,9.19,9.14,9.15,2.64699e+08,28879800
20160926,9.13,9.13,9.04,9.04,3.98771e+08,43948100
20160927,9.04,9.07,9.01,9.06,3.62769e+08,40132300
20160928,9.06,9.06,9.03,9.05,2.45499e+08,27136600
20160929,9.05,9.08,9.05,9.06,2.75239e+08,30366400
20160930,9.06,9.1,9.05,9.07,2.79526e+08,30808400
20161010,9.1,9.17,9.08,9.12,5.57122e+08,61138100
20161011,9.13,9.15,9.11,9.15,3.31886e+08,36337000
20161012,9.14,9.16,9.12,9.13,2.46995e+08,27031600
20161013,9.08,9.11,9.05,9.07,5.74142e+08,63236700
20161014,9.06,9.09,9.04,9.09,3.04218e+08,33541100
20161017,9.08,9.09,9.03,9.05,3.25582e+08,35922300
20161018,9.03,9.09,9.03,9.09,5.37784e+08,59373700
20161019,9.09,9.11,9.05,9.08,4.38299e+08,48263600
20161020,9.08,9.09,9.05,9.07,3.10966e+08,34284400
20161021,9.08,9.13,9.06,9.13,6.21549e+08,68389600
20161024,9.13,9.3,9.12,9.24,8.44746e+08,91567696
20161025,9.25,9.26,9.18,9.21,4.61542e+08,50075200
20161026,9.22,9.22,9.13,9.15,4.0375e+08,44045200
20161027,9.16,9.17,9.12,9.16,2.96216e+08,32414000
20161028,9.16,9.23,9.14,9.17,4.97615e+08,54199700
20161031,9.15,9.16,9.09,9.15,4.50148e+08,49359600
20161101,9.14,9.16,9.11,9.14,4.80117e+08,52541500
20161102,9.14,9.14,9.05,9.07,5.76083e+08,63358600
20161103,9.06,9.14,9.05,9.13,5.61464e+08,61687100
20161104,9.11,9.17,9.1,9.11,4.63831e+08,50811700
20161107,9.1,9.12,9.07,9.12,4.52447e+08,49724000
20161108,9.12,9.15,9.1,9.15,7.36747e+08,80669400
20161109,9.14,9.14,9.01,9.07,6.56061e+08,72261600
20161110,9.1,9.16,9.1,9.14,5.76898e+08,63199800
20161111,9.14,9.18,9.11,9.18,7.42969e+08,81226896
20161114,9.16,9.25,9.16,9.22,8.98058e+08,97507800
20161115,9.2,9.24,9.18,9.23,5.10596e+08,55434200
20161116,9.23,9.24,9.2,9.23,3.83425e+08,41584200
20161117,9.22,9.22,9.18,9.21,4.64611e+08,50532400
20161118,9.21,9.21,9.16,9.18,4.75289e+08,51759700
20161121,9.18,9.28,9.17,9.24,7.85475e+08,85024304
20161122,9.24,9.36,9.23,9.36,1.09741e+09,118025600
20161123,9.34,9.56,9.34,9.45,1.66047e+09,175286896
20161124,9.44,9.52,9.42,9.47,7.3858e+08,77974800
20161125,9.48,9.62,9.46,9.62,9.68127e+08,101367400
20161128,9.69,9.78,9.6,9.63,1.24069e+09,127968896
20161129,9.59,9.7,9.55,9.62,8.54308e+08,88777904
20161130,9.65,9.72,9.5,9.55,9.85758e+08,102596304
20161201,9.57,9.63,9.55,9.6,6.19633e+08,64600400
20161202,9.6,9.6,9.44,9.55,7.90044e+08,82968600
20161205,9.5,9.54,9.41,9.46,7.23222e+08,76436496
20161206,9.48,9.52,9.45,9.49,5.71585e+08,60290200
20161207,9.48,9.49,9.41,9.48,4.66085e+08,49340400
20161208,9.5,9.55,9.43,9.52,6.38058e+08,67145200
20161209,9.5,9.75,9.48,9.65,1.46078e+09,151419904
20161212,9.65,9.77,9.44,9.5,1.20666e+09,125687400
20161213,9.48,9.5,9.33,9.42,6.07769e+08,64577100
20161214,9.42,9.51,9.4,9.4,5.64787e+08,59770500
20161215,9.37,9.41,9.21,9.25,7.67751e+08,82761200
20161216,9.24,9.29,9.21,9.25,3.66925e+08,39681300
20161219,9.22,9.23,9.17,9.2,4.53899e+08,49401000
20161220,9.2,9.2,9.08,9.11,5.80118e+08,63663800
20161221,9.12,9.16,9.11,9.16,3.38201e+08,36992000
20161222,9.15,9.16,9.11,9.14,3.11546e+08,34134100
20161223,9.14,9.14,9.07,9.08,3.4814e+08,38291200
20161226,9.06,9.13,9.02,9.12,2.73934e+08,30205800
20161227,9.12,9.13,9.07,9.08,2.44788e+08,26884100
20161228,9.08,9.11,9.04,9.06,3.04898e+08,33605500
20161229,9.07,9.09,9.05,9.08,3.07183e+08,33875800
20161230,9.08,9.1,9.06,9.1,2.74882e+08,30260700
20170103,9.11,9.18,9.09,9.16,4.20595e+08,45984000
20170104,9.15,9.18,9.14,9.16,4.11503e+08,44932900
20170105,9.17,9.18,9.15,9.17,3.15769e+08,34437200
20170106,9.17,9.17,9.11,9.13,3.27176e+08,35815400
20170109,9.13,9.17,9.11,9.15,3.29994e+08,36108100
20170110,9.15,9.16,9.14,9.15,2.20575e+08,24105300
20170111,9.14,9.17,9.13,9.14,2.77553e+08,30343000
20170112,9.13,9.17,9.13,9.15,3.91869e+08,42800600
20170113,9.14,9.19,9.12,9.16,3.97601e+08,43430100
20170116,9.15,9.16,9.07,9.14,6.23025e+08,68316496
20170117,9.12,9.16,9.1,9.15,4.98179e+08,54555200
20170118,9.14,9.19,9.13,9.17,5.26426e+08,57426900
20170119,9.15,9.24,9.15,9.18,4.02445e+08,43771200
20170120,9.17,9.23,9.17,9.22,3.61865e+08,39332800
20170123,9.22,9.26,9.2,9.22,3.88019e+08,42029900
20170124,9.23,9.28,9.2,9.27,4.34787e+08,47024400
20170125,9.27,9.28,9.25,9.26,2.81976e+08,30440100
20170126,9.27,9.34,9.26,9.33,3.91844e+08,42071200
20170203,9.34,9.36,9.23,9.26,2.92617e+08,31547200
20170206,9.26,9.32,9.26,9.31,4.80441e+08,51678600
20170207,9.31,9.32,9.27,9.3,3.68755e+08,39688400
20170208,9.29,9.3,9.24,9.3,3.33975e+08,36027200
20170209,9.3,9.33,9.28,9.31,3.19201e+08,34285500
20170210,9.32,9.36,9.31,9.33,4.50701e+08,48274300
20170213,9.34,9.44,9.33,9.41,5.99951e+08,63836400
20170214,9.41,9.42,9.37,9.4,3.40318e+08,36240400
20170215,9.4,9.54,9.39,9.45,7.16759e+08,75661296
20170216,9.45,9.5,9.42,9.46,3.88636e+08,41116100
20170217,9.46,9.49,9.37,9.39,4.00161e+08,42377400
20170220,9.4,9.58,9.4,9.56,8.5571e+08,89875504
20170221,9.55,9.62,9.54,9.57,6.18761e+08,64658400
20170222,9.57,9.57,9.5,9.57,4.41528e+08,46296600
20170223,9.55,9.57,9.48,9.51,3.19293e+08,33532700
20170224,9.5,9.54,9.48,9.5,3.1602e+08,33250000
20170227,9.5,9.5,9.42,9.43,3.84781e+08,40734100
20170228,9.43,9.51,9.42,9.48,3.50366e+08,36971900
20170301,9.49,9.55,9.47,9.49,3.30157e+08,34699300
20170302,9.51,9.54,9.42,9.43,3.82395e+08,40362800
20170303,9.41,9.43,9.36,9.4,3.21952e+08,34265500
20170306,9.4,9.46,9.39,9.45,3.81212e+08,40451100
20170307,9.44,9.46,9.4,9.45,2.77747e+08,29467200
20170308,9.43,9.45,9.4,9.42,2.30425e+08,24443800
20170309,9.41,9.43,9.36,9.38,3.54813e+08,37816900
20170310,9.38,9.41,9.36,9.4,3.6614e+08,39018200
20170313,9.39,9.45,9.37,9.44,5.13148e+08,54530400
20170314,9.43,9.46,9.41,9.44,3.81594e+08,40448400
20170315,9.42,9.48,9.42,9.48,5.15943e+08,54656000
20170316,9.48,9.53,9.45,9.52,6.0345e+08,63595300
20170317,9.45,9.46,9.3,9.31,1.48274e+09,158364704
20170320,9.29,9.31,9.22,9.25,6.61887e+08,71502096
20170321,9.25,9.26,9.2,9.24,5.11914e+08,55464800
20170322,9.2,9.22,9.14,9.16,5.19331e+08,56612300
20170323,9.16,9.24,9.15,9.2,3.98986e+08,43358800
20170324,9.2,9.24,9.16,9.19,6.53533e+08,71082704
20170327,9.12,9.19,9.08,9.14,9.00094e+08,98501200
20170328,9.16,9.17,9.1,9.12,4.39405e+08,48137200
20170329,9.13,9.15,9.09,9.11,5.4806e+08,60114000
20170330,9.12,9.12,9.06,9.08,6.23995e+08,68728496
20170331,9.08,9.18,9.08,9.17,5.78579e+08,63312100
20170405,9.16,9.22,9.15,9.21,4.58567e+08,49915000
20170406,9.2,9.22,9.17,9.2,3.99118e+08,43439100
20170407,9.19,9.22,9.17,9.2,4.73366e+08,51484400
20170410,9.2,9.21,9.17,9.18,3.68682e+08,40134300
20170411,9.17,9.19,9.09,9.15,5.60304e+08,61243700
20170412,9.16,9.17,9.1,9.12,4.16101e+08,45533600
20170413,9.11,9.14,9.1,9.12,3.25949e+08,35744200
20170414,9.11,9.12,9.06,9.08,4.45637e+08,49050000
20170417,9.08,9.11,9.05,9.1,4.8313e+08,53189200
20170418,9.09,9.1,9.05,9.05,3.04162e+08,33537600
20170419,9.03,9.04,8.9,8.91,7.14963e+08,79966800
20170420,8.9,8.94,8.89,8.92,3.90063e+08,43762900
20170421,8.92,8.99,8.9,8.97,2.91126e+08,32540800
20170424,8.97,8.98,8.89,8.93,3.52926e+08,39499500
20170425,8.93,9.01,8.93,9,3.3923e+08,37793300
20170426,9,9.01,8.96,8.99,3.43316e+08,38214700
20170427,8.97,8.98,8.91,8.97,3.46186e+08,38739200
20170428,8.96,8.99,8.92,8.99,2.56106e+08,28644600
20170502,8.96,8.96,8.9,8.94,2.77665e+08,31102600
20170503,8.92,8.93,8.89,8.91,2.4966e+08,28031000
20170504,8.89,8.89,8.72,8.74,6.13783e+08,69651696
20170505,8.74,8.76,8.58,8.63,5.39541e+08,62370000
20170508,8.6,8.62,8.54,8.57,3.94424e+08,46008900
20170509,8.56,8.64,8.55,8.64,2.79119e+08,32419400
20170510,8.63,8.8,8.62,8.67,4.98675e+08,57307700
20170511,8.65,8.72,8.6,8.7,4.36444e+08,50364300
20170512,8.68,8.9,8.64,8.9,8.09131e+08,91796800
20170515,8.89,8.95,8.81,8.86,4.76417e+08,53657800
20170516,8.84,8.85,8.73,8.84,4.61069e+08,52487200
20170517,8.81,8.81,8.75,8.77,3.65987e+08,41733800
20170518,8.72,8.77,8.71,8.73,1.98765e+08,22740100
20170519,8.74,8.76,8.68,8.69,2.56396e+08,29427000
20170522,8.68,8.73,8.61,8.68,5.88546e+08,67912000
20170523,8.67,8.84,8.64,8.79,7.02123e+08,80004000
20170524,8.78,8.83,8.68,8.81,4.6656e+08,53237600
20170525,8.79,9.14,8.78,9.1,1.46276e+09,162154304
20170526,9.08,9.13,9.04,9.1,8.13387e+08,89536496
20170531,9.1,9.23,9.06,9.2,9.48741e+08,103321000
20170601,9.2,9.23,9.12,9.19,5.19544e+08,56618200
20170602,9.18,9.29,9.14,9.17,7.10119e+08,77075696
20170605,9.13,9.17,8.99,9.03,5.7346e+08,63413200
20170606,9.01,9.06,8.99,9.04,3.2052e+08,35534100
20170607,9.02,9.15,9.01,9.13,5.87357e+08,64572300
20170608,9.11,9.15,9.08,9.13,3.4886e+08,38300400
20170609,9.15,9.22,9.12,9.15,6.28281e+08,68546800
20170612,9.15,9.19,9.1,9.11,4.61493e+08,50457800
20170613,9.11,9.14,9.05,9.12,4.07876e+08,44843400
20170614,9.12,9.13,9.04,9.08,3.40596e+08,37544400
20170615,9.08,9.08,9.03,9.04,3.0561e+08,33779700
20170616,9.04,9.08,9.01,9.02,2.58559e+08,28599100
20170619,9.03,9.15,9.02,9.13,4.46e+08,48970400
20170620,9.12,9.16,9.09,9.12,2.86053e+08,31361500
20170621,9.17,9.18,9.11,9.15,4.54488e+08,49693200
20170622,9.15,9.4,9.14,9.25,1.32521e+09,142695808
20170623,9.23,9.27,9.16,9.25,5.38303e+08,58400400
20170626,9.26,9.4,9.26,9.3,6.63762e+08,71076896
20170627,9.3,9.39,9.27,9.36,5.09162e+08,54601600
20170628,9.35,9.49,9.33,9.43,1.10244e+09,116879600
20170629,9.43,9.45,9.37,9.43,4.5981e+08,48880400
20170630,9.4,9.43,9.31,9.39,4.68003e+08,49963300
20170703,9.4,9.43,9.34,9.4,3.64465e+08,38834900
20170704,9.4,9.41,9.3,9.34,4.56577e+08,48836200
20170705,9.29,9.38,9.27,9.37,5.29294e+08,56772000
20170706,9.36,9.41,9.31,9.4,6.91387e+08,73891104
20170707,9.37,9.48,9.34,9.47,7.17084e+08,76036896
20170710,9.45,9.66,9.44,9.59,1.30309e+09,136081504
20170711,9.61,10.46,9.61,10.25,3.84201e+09,381208608
20170712,10.27,10.58,10.2,10.34,3.11368e+09,299884416
20170713,10.3,10.9,10.24,10.9,3.18014e+09,299453408
20170714,10.81,10.94,10.66,10.9,1.86445e+09,172256992
20170717,10.95,11.33,10.72,10.81,3.60869e+09,327312288
20170718,10.75,11.14,10.62,11.05,2.55843e+09,234943104
20170719,10.99,11.19,10.88,11.09,2.13134e+09,193307504
20170720,11.08,11.22,10.91,10.97,1.69506e+09,153733792
20170721,10.83,10.95,10.69,10.89,1.62542e+09,150102000
20170724,10.82,11.06,10.73,10.95,1.84689e+09,169266400
20170725,10.98,11.27,10.95,11,2.17211e+09,195476800
20170726,10.92,11.18,10.66,10.74,1.84628e+09,169741200
20170727,10.72,10.77,10.53,10.59,1.27389e+09,119449000
20170728,10.61,10.81,10.58,10.74,8.77769e+08,81919504
20170731,10.8,10.82,10.45,10.67,1.67181e+09,157586400
20170801,10.64,11.08,10.6,11.04,2.22289e+09,203570896
20170802,11.05,11.34,10.96,11.15,2.30773e+09,206206896
20170803,11.14,11.22,10.97,11.01,1.09095e+09,98421904
20170804,11,11.29,10.93,11.17,1.51139e+09,135395104
20170807,11.06,11.17,10.9,11,9.46975e+08,86064400
20170808,11,11.11,10.91,11.05,7.58872e+08,68956704
20170809,10.96,11.02,10.68,10.73,1.12651e+09,104232096
20170810,10.7,10.82,10.54,10.62,1.02668e+09,95987904
20170811,10.48,10.54,9.99,10.02,2.50178e+09,244064304
20170814,10.13,10.25,10.04,10.22,1.17548e+09,115766400
20170815,10.24,10.51,10.21,10.31,1.11675e+09,107516200
20170816,10.29,10.37,10.15,10.34,7.78517e+08,75680600
20170817,10.35,10.42,10.29,10.42,5.73093e+08,55364200
20170818,10.36,10.6,10.29,10.44,6.43188e+08,61652000
20170821,10.43,10.52,10.39,10.46,4.17653e+08,39915400
20170822,10.48,10.66,10.37,10.65,9.22881e+08,87568096
20170823,10.63,10.98,10.59,10.9,1.43005e+09,131915104
20170824,10.89,11.11,10.84,10.93,1.01493e+09,92424800
20170825,10.94,11.17,10.9,11.11,1.06899e+09,96394000
20170828,11.1,11.54,11.1,11.35,1.82838e+09,160393792
20170829,11.3,11.74,11.28,11.67,1.56923e+09,135798304
20170830,11.68,11.7,11.35,11.43,1.26413e+09,109667400
20170831,11.39,11.44,11.15,11.28,1.29773e+09,115178600
20170901,11.28,11.39,11.15,11.21,1.081e+09,95997600
20170904,11.18,11.72,11.17,11.72,1.55187e+09,135232496
20170905,11.68,11.94,11.6,11.64,1.51376e+09,128751800
20170906,11.59,11.88,11.48,11.7,9.25519e+08,79162096
20170907,11.65,11.75,11.39,11.44,7.11036e+08,61418700
20170908,11.46,11.64,11.38,11.49,5.53644e+08,48127600
20170911,11.54,11.69,11.3,11.38,8.01825e+08,69947200
20170912,11.38,11.54,11.27,11.54,9.62032e+08,84618304
20170913,11.49,11.54,11.34,11.43,7.65028e+08,66823700
20170914,11.43,11.59,11.24,11.32,1.00577e+09,88308704
20170915,11.29,11.32,11.15,11.29,7.26061e+08,64609400
20170918,11.25,11.32,11.2,11.25,6.84223e+08,60761200
20170919,11.25,11.34,11.08,11.13,8.53816e+08,76421200
20170920,11.14,11.37,11.05,11.29,8.8464e+08,78715400
20170921,11.26,11.51,11.2,11.46,7.88605e+08,69240704
20170922,11.43,11.52,11.31,11.44,6.77622e+08,59392700
20170925,11.44,11.45,11.18,11.29,6.0227e+08,53239100
20170926,11.26,11.3,10.96,11.05,1.07423e+09,96746000
20170927,11.01,11.08,10.9,10.93,7.98377e+08,72718800
20170928,10.98,10.98,10.82,10.88,5.63485e+08,51722000
20170929,10.92,11.16,10.86,11.11,7.53852e+08,68228000
20171009,11.57,11.64,11.26,11.3,1.52061e+09,132522704
20171010,11.33,11.5,11.33,11.47,8.53665e+08,74792496
20171011,11.48,11.58,11.34,11.53,7.56203e+08,65807700
20171012,11.54,11.58,11.47,11.55,6.67148e+08,57806500
20171013,11.56,11.56,11.25,11.36,8.39662e+08,73737504
20171016,11.36,11.6,11.29,11.59,1.19072e+09,103625000
20171017,11.62,11.65,11.48,11.51,5.85334e+08,50637200
20171018,11.53,11.7,11.51,11.69,1.01105e+09,87136496
20171019,11.64,11.72,11.57,11.63,8.41546e+08,72276400
20171020,11.59,11.59,11.41,11.48,5.29747e+08,46180800
20171023,11.39,11.4,11.15,11.19,1.20689e+09,107446496
20171024,11.2,11.42,11.18,11.39,7.00896e+08,61887100
20171025,11.36,11.37,11.25,11.27,4.72708e+08,41857300
20171026,11.25,11.32,11.12,11.18,1.04171e+09,92899600
20171027,11.19,11.56,11.18,11.56,1.54854e+09,136008608
20171030,11.55,11.73,11.45,11.56,1.48449e+09,127824600
20171031,11.55,11.58,11.39,11.54,7.21237e+08,62749100
20171101,11.56,11.59,11.32,11.4,7.92881e+08,69261696
20171102,11.36,11.58,11.26,11.54,6.89229e+08,60430800
20171103,11.49,11.68,11.35,11.39,8.52032e+08,74334304
20171106,11.42,11.42,11.09,11.28,1.1573e+09,102990200
20171107,11.27,12.09,11.25,11.92,2.91427e+09,247716304
20171108,12,12.59,11.93,12.13,5.19922e+09,426282496
20171109,12.2,12.57,12.15,12.33,2.83986e+09,229528896
20171110,12.37,12.55,12.15,12.3,2.16713e+09,175755200
20171113,12.35,13.1,12.35,12.9,3.30795e+09,256690592
20171114,12.95,13.26,12.81,12.95,2.31809e+09,178030208
20171115,12.9,13.13,12.77,12.9,1.62791e+09,126305200
20171116,12.9,13.12,12.67,13.1,1.5507e+09,120081400
20171117,13.17,13.46,13.03,13.18,2.73122e+09,206414896
20171120,13.13,14.25,13.05,14.25,3.86014e+09,284392512
20171121,14.07,14.79,14.01,14.45,3.60985e+09,249532704
20171122,14.48,15.24,14.48,15.1,3.8395e+09,257023104
20171123,15.15,15.24,14.07,14.35,3.56284e+09,242914208
20171124,14.29,14.59,13.78,14.56,3.7326e+09,263018896
20171127,14.3,14.3,13.75,13.93,2.87849e+09,206408496
20171128,13.85,13.85,13.4,13.7,2.39654e+09,176643200
20171129,13.73,13.93,13.47,13.82,2.14831e+09,156409408
20171130,13.7,13.73,13.26,13.38,1.8667e+09,137963504
20171201,13.4,13.48,12.96,13,2.3543e+09,178493296
20171204,13.05,13.37,13,13.3,1.92331e+09,145402304
20171205,13.15,13.49,13.1,13.3,2.30187e+09,172368096
20171206,13.26,13.27,12.79,13.08,2.10417e+09,161984400
20171207,13.05,13.14,12.75,12.83,1.52695e+09,118195696
20171208,12.89,13.09,12.75,13.09,1.75142e+09,135131504
20171211,13.08,13.57,12.88,13.5,2.98073e+09,226195200
20171212,13.4,13.48,13.02,13.02,2.30235e+09,174340496
20171213,13,13.2,12.88,13.13,1.67902e+09,128924800
20171214,13.15,13.31,12.91,13,1.31113e+09,100199696
20171215,12.9,12.93,12.67,12.72,1.40537e+09,109995200
20171218,12.73,12.91,12.64,12.75,1.02942e+09,80546400
20171219,12.79,13.32,12.74,13.28,3.13869e+09,239794208
20171220,13.2,13.31,13.13,13.26,1.4638e+09,110624496
20171221,13.18,13.68,13.16,13.54,2.00562e+09,148520304
20171222,13.5,13.63,13.45,13.52,1.00452e+09,74290000
20171225,13.52,13.86,13.16,13.25,2.14504e+09,158556704
20171226,13.26,13.69,13.19,13.66,1.51083e+09,112368800
20171227,13.58,13.78,13.19,13.29,1.84816e+09,136656608
20171228,13.28,13.46,13.02,13.21,2.05294e+09,155303008
20171229,13.21,13.43,13.1,13.3,1.30322e+09,98291504
20180102,13.35,13.93,13.32,13.7,2.85654e+09,208159200
20180103,13.73,13.86,13.2,13.33,4.00622e+09,296249792
20180104,13.32,13.37,13.13,13.25,2.45454e+09,185450896
20180105,13.21,13.35,13.15,13.3,1.60329e+09,121031200
20180108,13.25,13.29,12.86,12.96,2.8061e+09,215862000
20180109,12.96,13.2,12.92,13.08,1.75432e+09,134434496
20180110,13.04,13.49,12.92,13.47,3.19606e+09,240327696
20180111,13.41,13.59,13.27,13.4,1.93749e+09,144387696
20180112,13.45,13.68,13.41,13.55,1.83344e+09,135399104
20180115,13.51,14.33,13.5,14.2,4.37671e+09,312239392
20180116,14.17,14.38,14.02,14.2,3.47918e+09,244454896
20180117,14.33,14.8,14.2,14.23,3.84931e+09,265629408
20180118,14.4,14.72,14.28,14.72,3.12045e+09,214802592
20180119,14.8,15.13,14.68,14.8,3.83286e+09,257114592
20180122,14.6,14.94,14.43,14.44,3.0328e+09,207386704
20180123,14.36,14.9,14.33,14.65,3.49246e+09,238879104
20180124,14.66,15.08,14.5,14.64,3.83873e+09,259129200
20180125,14.45,14.47,14,14.2,3.36082e+09,236998400
20180126,14.18,14.34,14.02,14.05,2.8851e+09,203298800
20180129,14.05,14.25,13.6,13.74,2.91145e+09,209054592
20180130,13.7,13.84,13.55,13.65,1.49771e+09,109473904
20180131,13.6,14.05,13.53,14.05,2.4231e+09,174772896
20180201,13.95,14.3,13.84,14.03,2.82158e+09,200561408
20180202,13.91,14.1,13.63,14.05,1.63762e+09,117651200
20180205,13.8,14.57,13.73,14.55,3.32635e+09,233199696
20180206,14.23,14.33,13.93,14,3.64129e+09,258287200
20180207,14.22,14.3,12.76,12.92,4.52159e+09,334571584
20180208,12.83,12.92,12.53,12.54,2.71146e+09,213781504
20180209,12.08,12.08,11.38,11.69,3.30855e+09,282494912
20180212,11.78,11.84,11.56,11.72,1.43964e+09,122878200
20180213,11.87,12.21,11.84,11.94,1.56242e+09,129817800
20180214,11.96,12.03,11.76,12,1.03047e+09,86419000
20180222,12.25,12.53,12.25,12.46,1.57356e+09,126840600
20180223,12.58,12.79,12.45,12.61,1.27818e+09,101366304
20180226,12.77,12.85,12.45,12.63,1.31896e+09,104575800
20180227,12.64,12.7,12.19,12.28,1.59002e+09,128586896
20180228,12.1,12.19,11.93,12.05,1.46331e+09,121414496
20180301,11.92,12.15,11.9,12.04,1.06935e+09,88695696
20180302,11.92,12.04,11.85,11.95,7.91736e+08,66312400
20180305,11.93,12.08,11.8,11.86,8.97244e+08,75418304
20180306,11.95,12.11,11.77,12.1,1.37344e+09,115016200
20180307,12.15,12.34,12.04,12.05,1.74408e+09,142756992
20180308,12.05,12.15,11.95,12.11,8.32153e+08,68975504
20180309,12.15,12.2,11.98,12.09,1.13904e+09,94387600
20180312,12.15,12.17,11.95,12.03,1.52664e+09,126870096
20180313,12.04,12.22,12,12.02,1.30954e+09,108226704
20180314,11.98,12,11.83,11.92,7.5709e+08,63559400
20180315,11.79,11.85,11.66,11.71,1.35688e+09,115569400
20180316,11.72,11.85,11.64,11.64,1.13078e+09,96298304
20180319,11.66,11.84,11.61,11.83,9.47664e+08,80853800
20180320,11.74,11.88,11.72,11.82,9.16858e+08,77615000
20180321,11.95,12.12,11.85,11.9,1.73644e+09,144510896
20180322,11.9,11.97,11.62,11.66,1.15574e+09,98427800
20180323,11.25,11.35,10.92,11.34,2.03773e+09,182568992
20180326,11.15,11.2,10.86,10.93,1.51944e+09,138359808
20180327,11.1,11.17,10.86,10.94,1.21399e+09,110393296
20180328,10.85,11.14,10.79,10.89,1.20102e+09,109902304
20180329,10.92,11.17,10.55,11.05,1.44528e+09,133060200
20180330,11.04,11.05,10.88,10.9,8.23438e+08,75217296
20180402,10.87,10.99,10.7,10.71,1.20091e+09,110931600
20180403,10.6,10.67,10.51,10.56,9.42237e+08,89074496
20180404,10.68,11.01,10.6,10.87,1.73726e+09,160248800
20180409,10.8,11.1,10.73,11.02,1.18008e+09,107479504
20180410,11.02,11.46,10.97,11.42,1.56226e+09,139095008
20180411,11.39,11.92,11.38,11.83,2.45898e+09,209596992
20180412,11.8,11.83,11.42,11.52,1.36467e+09,117312800
20180413,11.64,11.79,11.45,11.57,1.51616e+09,130025504
20180416,11.47,11.47,11.03,11.1,1.59371e+09,142707200
20180417,11.12,11.45,11.11,11.21,1.46816e+09,130189104
20180418,11.45,11.61,11.28,11.5,1.69272e+09,147584496
20180419,11.52,11.69,11.42,11.47,9.79593e+08,84913104
20180420,11.51,11.58,11.2,11.35,1.0908e+09,95869000
20180423,11.3,11.61,11.26,11.57,1.22854e+09,107028896
20180424,11.63,11.94,11.58,11.86,1.72515e+09,146109792
20180425,11.76,11.81,11.63,11.68,8.54713e+08,73028600
20180426,11.66,11.69,11.31,11.42,1.00248e+09,87423504
20180427,11.49,11.51,10.63,10.85,2.95846e+09,270979488
20180502,10.97,11.03,10.8,10.88,1.2958e+09,119052304
20180503,10.86,10.88,10.57,10.75,1.37277e+09,128135504
20180504,10.73,10.83,10.66,10.68,7.61302e+08,71050896
20180507,10.7,10.83,10.64,10.81,1.04674e+09,97430896
20180508,10.83,11.15,10.8,11.01,1.51155e+09,137330496
20180509,10.98,11.03,10.88,10.97,6.87036e+08,62765600
20180510,11.03,11.09,10.91,11.01,6.0735e+08,55273500
20180511,11.04,11.13,10.96,11.01,8.53271e+08,77236896
20180514,11.09,11.23,11.03,11.18,1.15806e+09,103929696
20180515,11.18,11.19,11.02,11.12,7.4259e+08,66926100
20180516,11.07,11.07,10.89,10.9,7.82694e+08,71436200
20180517,10.91,10.94,10.78,10.82,6.35675e+08,58649400
20180518,10.81,10.97,10.76,10.96,6.2825e+08,57838400
20180521,11.07,11.11,10.93,10.95,8.3875e+08,76353296
20180522,10.95,10.98,10.79,10.86,6.39815e+08,58987100
20180523,10.82,10.82,10.62,10.65,1.05859e+09,99101600
20180524,10.66,10.68,10.58,10.61,7.30678e+08,68815200
20180525,10.61,10.67,10.55,10.59,6.29735e+08,59333500
20180528,10.58,10.66,10.51,10.59,6.0259e+08,56940000
20180529,10.58,10.63,10.35,10.38,9.30386e+08,88949400
20180530,10.29,10.29,10.05,10.08,1.13992e+09,112444704
20180531,10.11,10.19,10.02,10.18,9.99216e+08,98736000
20180601,10.15,10.29,10.07,10.19,6.08398e+08,59721100
20180604,10.23,10.31,10.15,10.27,6.08291e+08,59303800
20180605,10.29,10.3,10.11,10.26,6.7074e+08,65654000
20180606,10.25,10.26,10.1,10.14,7.24032e+08,71274304
20180607,10.2,10.46,10.18,10.37,1.30643e+09,126263820
20180608,10.33,10.33,10.06,10.12,1.11497e+09,109937982
20180611,10.06,10.13,10,10.04,7.24688e+08,72137498
20180612,10.03,10.08,9.95,10.06,9.14002e+08,91330072
20180613,10.04,10.06,9.95,9.95,5.30484e+08,53058431
20180614,9.95,10.15,9.92,10.07,8.72488e+08,86639201
20180615,10.08,10.29,10.06,10.17,1.27341e+09,124870788
20180619,10.05,10.15,9.82,9.87,1.56576e+09,156587447
20180620,9.87,9.95,9.76,9.91,7.52951e+08,76363731
20180621,9.93,10.04,9.86,9.86,8.36015e+08,84007077
20180622,9.8,9.87,9.77,9.85,6.45753e+08,65781851
20180625,9.91,9.92,9.38,9.46,1.15456e+09,119521260
20180626,9.39,9.44,9.09,9.36,1.04253e+09,112415694
20180627,9.31,9.4,9.03,9.09,9.58872e+08,104514268
20180628,8.95,9.08,8.87,8.92,9.96801e+08,111076403
20180629,9.01,9.13,8.96,9.09,6.11346e+08,67529968
20180702,9.05,9.05,8.55,8.61,1.15855e+09,131552013
20180703,8.69,8.7,8.45,8.67,1.09666e+09,127483857
20180704,8.63,8.75,8.61,8.61,6.17279e+08,71115337
20180705,8.62,8.73,8.55,8.6,7.2217e+08,83576877
20180706,8.61,8.78,8.45,8.66,8.52072e+08,98828269
20180709,8.69,9.03,8.68,9.03,1.25501e+09,140995460
20180710,9.02,9.02,8.89,8.98,8.03039e+08,89686202
20180711,8.76,8.83,8.68,8.78,7.44766e+08,85129670
20180712,8.6,8.97,8.58,8.88,1.00866e+09,114049231
20180713,8.92,8.94,8.82,8.88,5.35401e+08,60337821
20180716,8.85,8.9,8.69,8.73,6.03428e+08,68984558
20180717,8.74,8.75,8.66,8.72,3.26397e+08,37535633
20180718,8.75,8.85,8.69,8.7,4.60697e+08,52515277
20180719,8.75,8.81,8.69,8.73,4.03674e+08,46137239
20180720,8.73,9.2,8.61,9.11,1.57684e+09,175427740
20180723,9.04,9.45,9,9.42,1.64603e+09,178168826
20180724,9.39,9.59,9.33,9.4,1.34875e+09,142589416
20180725,9.44,9.47,9.33,9.38,5.75752e+08,61412281
20180726,9.4,9.48,9.21,9.25,7.7843e+08,83335815
20180727,9.3,9.36,9.18,9.25,4.77527e+08,51512603
20180730,9.32,9.49,9.26,9.39,6.61768e+08,70638597
20180731,9.37,9.49,9.25,9.42,6.74485e+08,72015080
20180801,9.42,9.5,9.11,9.15,7.59282e+08,81408168
20180802,9.13,9.15,8.88,8.94,8.39272e+08,93140128
20180803,8.93,9.1,8.91,8.91,4.28642e+08,47654662
20180806,8.94,9.11,8.89,8.94,4.97907e+08,55401008
20180807,8.96,9.17,8.88,9.17,6.2436e+08,69042319
20180808,9.16,9.16,9.04,9.05,5.27527e+08,57895316
20180809,9.04,9.35,9.02,9.29,7.4647e+08,80678377
20180810,9.3,9.32,9.16,9.23,3.91366e+08,42416836
20180813,9.12,9.16,8.9,9.05,7.36948e+08,81849112
20180814,9.03,9.04,8.94,9,3.86335e+08,43024036
20180815,9.02,9.02,8.75,8.79,5.94759e+08,67044285
20180816,8.73,8.89,8.64,8.78,5.59523e+08,63827255
20180817,8.88,8.94,8.78,8.81,5.76683e+08,64947656
20180820,8.9,9.02,8.87,9,6.09935e+08,68132206
20180821,9.02,9.26,9.01,9.23,1.16329e+09,126447447
20180822,9.24,9.34,9.13,9.29,9.09599e+08,98243398
20180823,9.3,9.42,9.23,9.36,6.80941e+08,72907462
20180824,9.31,10.28,9.29,10.03,2.99507e+09,304040839
20180827,10.02,10.43,9.97,10.43,2.25153e+09,221842422
20180828,10.34,10.43,10.24,10.29,1.33192e+09,128977724
20180829,10.25,10.33,10.15,10.27,9.23582e+08,90188349
20180830,10.27,10.35,10.08,10.12,1.01388e+09,99491773
20180831,10.13,10.32,10.1,10.13,1.3379e+09,131086524
20180903,10.09,10.3,10.09,10.19,7.25303e+08,71169567
20180904,10.2,10.55,10.07,10.43,1.33976e+09,129634208
20180905,10.3,10.33,10.05,10.05,1.20235e+09,117945317
20180906,10.05,10.14,9.95,9.97,7.13976e+08,71177755
20180907,10.04,10.18,9.93,10.01,8.15152e+08,80903534
20180910,10.01,10.07,9.84,9.88,6.31174e+08,63698929
20180911,9.9,10.03,9.81,9.91,7.07338e+08,71296751
20180912,9.87,9.97,9.82,9.88,5.584e+08,56482916
20180913,10.09,10.1,9.84,9.96,9.9339e+08,99972561
20180914,9.98,9.98,9.81,9.84,6.11422e+08,61975019
20180917,9.8,9.8,9.68,9.69,5.0261e+08,51708233
20180918,9.73,10.12,9.7,10.08,1.12087e+09,112680742
20180919,10.03,10.34,10.03,10.24,1.25719e+09,123154877
20180920,10.27,10.36,10.19,10.23,6.36743e+08,62034836
20180921,10.26,10.7,10.18,10.67,1.70785e+09,162451841
20180925,10.52,10.68,10.48,10.55,1.03072e+09,97701470
20180926,10.61,10.92,10.52,10.71,1.60063e+09,149051343
20180927,10.65,10.84,10.57,10.74,9.422e+08,88036333
20180928,10.78,11.27,10.78,11.05,2.33136e+09,211024267
20181008,10.7,10.79,10.45,10.45,1.79346e+09,168635852
20181009,10.46,10.7,10.39,10.56,1.11795e+09,106408426
20181010,10.54,10.66,10.38,10.45,1.04567e+09,99520008
20181011,10.05,10.16,9.7,9.86,1.99419e+09,199514383
20181012,9.97,10.34,9.87,10.3,1.53265e+09,151681028
20181015,10.39,10.47,10.09,10.11,1.44304e+09,140268530
20181016,10.14,10.54,10.12,10.37,1.45002e+09,139692105
20181017,10.5,10.55,10.14,10.33,1.40031e+09,135088983
20181018,10.29,10.29,10.06,10.09,1.01565e+09,100115605
20181019,9.95,10.78,9.92,10.76,2.17357e+09,208366732
20181022,10.81,11.46,10.78,11.15,2.93271e+09,264554312
20181023,11.2,11.22,10.73,10.84,1.75927e+09,160254592
20181024,10.9,11.33,10.8,11.04,2.02617e+09,182942464
20181025,10.8,11.29,10.71,11.29,1.85582e+09,168501136
20181026,11.29,11.31,10.96,11.18,1.44884e+09,129997510
20181029,11.2,11.24,10.62,10.75,1.72593e+09,159162878
20181030,10.78,11.08,10.73,10.9,1.64137e+09,150182786
20181031,10.95,10.99,10.75,10.91,1.25216e+09,115268379
20181101,10.99,11.05,10.76,10.83,1.67944e+09,154277632
20181102,11.04,11.16,10.83,11.09,2.43918e+09,221292287
20181105,10.95,11.04,10.82,10.92,1.40946e+09,129192417
20181106,10.87,10.93,10.73,10.84,7.95323e+08,73572574
20181107,10.83,10.95,10.75,10.81,8.51487e+08,78559741
20181108,10.88,10.97,10.82,10.89,8.64744e+08,79397600
20181109,10.71,10.73,10.4,10.55,1.7162e+09,162926917
20181112,10.46,10.58,10.38,10.56,9.65756e+08,92033388
20181113,10.41,10.65,10.38,10.54,1.12674e+09,107249762
20181114,10.53,10.55,10.42,10.44,8.10358e+08,77423985
20181115,10.44,10.64,10.42,10.62,9.49992e+08,90146198
20181116,10.61,10.72,10.49,10.57,1.12317e+09,105959259
20181119,10.57,10.88,10.57,10.85,1.4669e+09,136088709
20181120,10.75,10.8,10.52,10.57,1.09965e+09,103387753
20181121,10.5,10.67,10.48,10.61,7.05638e+08,66615733
20181122,10.67,10.67,10.48,10.55,5.27103e+08,50026785
20181123,10.53,10.58,10.31,10.32,7.30668e+08,70035815
20181126,10.34,10.46,10.3,10.34,5.35963e+08,51656911
20181127,10.35,10.39,10.16,10.18,7.52824e+08,73344838
20181128,10.17,10.31,10.16,10.28,5.5082e+08,53775145
20181129,10.35,10.39,10.19,10.2,4.99069e+08,48528405
20181130,10.22,10.36,10.17,10.36,6.10572e+08,59471532
20181203,10.59,10.66,10.47,10.59,1.12637e+09,106409717
20181204,10.57,10.62,10.53,10.59,5.65744e+08,53481305
20181205,10.49,10.51,10.4,10.45,6.08133e+08,58154527
20181206,10.36,10.37,10.23,10.25,5.9465e+08,57886648
20181207,10.3,10.39,10.27,10.28,3.51101e+08,34021615
20181210,10.22,10.27,10.13,10.17,5.04041e+08,49481887
20181211,10.21,10.26,10.17,10.23,3.05389e+08,29908962
20181212,10.3,10.32,10.2,10.24,3.75403e+08,36637903
20181213,10.25,10.48,10.2,10.39,8.19921e+08,79084521
20181214,10.34,10.35,10.16,10.17,5.39263e+08,52667513
20181217,10.16,10.33,10.1,10.29,5.84679e+08,57127487
20181218,10.2,10.32,10.1,10.12,5.47158e+08,53774430
20181219,10.14,10.18,9.9,9.94,6.0009e+08,59800701
20181220,9.92,9.97,9.63,9.71,9.64203e+08,99028479
20181221,9.68,9.7,9.33,9.45,9.4446e+08,100061676
20181224,9.4,9.45,9.31,9.42,4.77187e+08,50911767
20181225,9.29,9.43,9.21,9.34,5.45236e+08,58661545
20181226,9.35,9.42,9.27,9.3,3.93215e+08,42114060
20181227,9.45,9.49,9.28,9.28,5.86344e+08,62459327
20181228,9.31,9.46,9.31,9.38,5.41571e+08,57660400
20190102,9.39,9.42,9.16,9.19,4.98695e+08,53938632
20190103,9.18,9.33,9.15,9.28,3.84458e+08,41553795
20190104,9.24,9.82,9.22,9.75,1.42215e+09,148115906
20190107,9.84,9.85,9.63,9.74,8.41166e+08,86568766
20190108,9.73,9.74,9.62,9.66,3.89248e+08,40238811
20190109,9.74,10.08,9.7,9.94,1.22947e+09,123348636
20190110,9.87,10.2,9.86,10.1,1.07971e+09,107181766
20190111,10.11,10.22,10.05,10.2,7.08002e+08,69636455
20190114,10.22,10.25,10.07,10.11,5.07863e+08,50044359
20190115,10.11,10.28,10.09,10.24,5.53027e+08,54216055
20190116,10.24,10.5,10.23,10.48,1.0175e+09,97769937
20190117,10.54,10.57,10.17,10.25,9.10212e+08,88281192
20190118,10.34,10.49,10.28,10.43,7.69974e+08,73879326
20190121,10.34,10.47,10.32,10.34,6.84466e+08,65935576
20190122,10.34,10.44,10.26,10.28,4.38991e+08,42441357
20190123,10.29,10.47,10.29,10.35,5.59384e+08,53787663
20190124,10.4,10.55,10.37,10.52,7.11496e+08,67924088
20190125,10.56,11.04,10.55,11,2.29972e+09,210836185
20190128,11.04,11.14,10.88,10.94,1.14185e+09,103590980
20190129,10.96,11.07,10.77,11,9.04848e+08,82663110
20190130,10.95,11.18,10.86,10.95,7.85205e+08,71200101
20190131,10.98,11.2,10.94,11.1,9.22603e+08,83162275
20190201,11.2,11.25,10.96,11.2,1.12722e+09,101427007
20190211,11.08,11.21,10.97,11.21,8.89952e+08,80193663
20190212,11.2,11.31,11.03,11.19,1.07187e+09,95993690
20190213,11.19,11.41,11.12,11.38,1.28018e+09,113736574
20190214,11.3,11.33,11.19,11.25,9.77818e+08,86918519
20190215,11.23,11.23,10.9,10.95,1.21391e+09,110012746
20190218,11.05,11.36,11.04,11.36,1.40828e+09,125552221
20190219,11.36,11.62,11.24,11.27,1.44528e+09,127088204
20190220,11.33,11.53,11.25,11.41,9.49431e+08,83262987
20190221,11.38,11.55,11.28,11.36,8.60591e+08,75424648
20190222,11.35,11.57,11.15,11.54,1.34302e+09,118404779
20190225,11.7,12.64,11.57,12.55,3.41595e+09,282493502
20190226,12.55,12.57,12.15,12.2,2.48567e+09,201754493
20190227,12.24,12.66,12.15,12.4,2.4544e+09,197901388
20190228,12.44,12.61,12.27,12.36,1.38311e+09,111309980
20190301,12.48,12.78,12.2,12.76,2.13767e+09,171267916
20190304,12.7,13.38,12.62,12.99,3.19501e+09,245683039
20190305,12.91,13.29,12.84,13.06,1.83825e+09,140842222
20190306,13.06,13.15,12.84,13.08,1.61467e+09,124576020
20190307,13.06,13.06,12.55,12.74,2.27415e+09,178205731
20190308,12.49,12.7,12.25,12.3,2.21457e+09,177816210
20190311,12.3,12.49,12.05,12.32,1.416e+09,115765077
20190312,12.49,12.64,12.24,12.36,1.7578e+09,141179492
20190313,12.34,12.55,12.13,12.37,1.56839e+09,126942716
20190314,12.33,12.62,12.27,12.43,1.31637e+09,105746790
20190315,12.34,12.68,12.34,12.5,1.31132e+09,104540603
20190318,12.53,12.94,12.32,12.91,1.88248e+09,148645480
20190319,12.92,12.94,12.61,12.79,1.22112e+09,95719646
20190320,12.68,12.88,12.62,12.75,1.18548e+09,92999638
20190321,12.77,12.8,12.58,12.69,1.09251e+09,86014080
20190322,12.69,12.74,12.5,12.59,8.98629e+08,71350206
20190325,12.4,12.4,12.1,12.11,1.44556e+09,117988326
20190326,12.23,12.29,12.01,12.1,1.13672e+09,93539327
20190327,12.24,12.47,12.18,12.38,1.1383e+09,92282680
20190328,12.31,12.31,12.1,12.22,8.92531e+08,73246744
20190329,12.26,12.82,12.21,12.82,2.1083e+09,166950647
20190401,12.83,13.55,12.83,13.18,2.58827e+09,195140119
20190402,13.28,13.48,13.23,13.36,1.46604e+09,110038404
20190403,13.21,13.45,13.15,13.44,1.05617e+09,79291579
20190404,13.43,14,13.43,13.86,2.79637e+09,203436500
20190408,13.9,14.43,13.72,13.96,2.46454e+09,174317620
20190409,13.87,13.98,13.75,13.81,1.08055e+09,78133238
20190410,13.75,13.88,13.4,13.73,1.28948e+09,94713506
20190411,13.73,13.96,13.49,13.54,8.97382e+08,65535662
20190412,13.49,13.59,13.21,13.42,1.03514e+09,77432464
20190415,13.72,14.09,13.66,13.69,2.13471e+09,153389068
20190416,13.67,14.58,13.55,14.58,3.37955e+09,237937518
20190417,14.42,14.59,14.23,14.35,1.44349e+09,100410987
20190418,14.3,14.37,14.11,14.34,7.21909e+08,50704530
20190419,14.45,14.8,14.3,14.73,1.81488e+09,124603609
20190422,14.6,14.84,14.08,14.15,1.89985e+09,132227390
20190423,14.1,14.2,13.97,14.07,1.32647e+09,94068734
20190424,14.45,14.6,14.16,14.44,2.81113e+09,194972363
20190425,14.38,14.64,14.13,14.13,1.5979e+09,111147637
20190426,14.08,14.25,13.7,13.79,1.40799e+09,100942124
20190429,13.9,14.33,13.86,14.1,1.45071e+09,103069575
20190430,13.99,14.05,13.59,13.85,1.54296e+09,111657027
20190506,13.1,13.35,12.71,12.87,2.74241e+09,210866784
20190507,13.03,13.09,12.72,12.95,1.38625e+09,107265841
20190508,12.72,12.91,12.5,12.6,1.23666e+09,97545081
20190509,12.52,12.58,12.05,12.16,1.90491e+09,155715161
20190510,12.34,12.75,12.1,12.68,1.48998e+09,119239908
20190513,12.33,12.54,12.23,12.3,9.16214e+08,74191779
20190514,12.2,12.75,12.16,12.49,1.47701e+09,118259819
20190515,12.58,13.11,12.57,12.92,1.41705e+09,110398851
20190516,12.93,12.99,12.78,12.85,8.16741e+08,63490143
20190517,12.92,12.93,12.36,12.44,1.20857e+09,96500085
20190520,12.35,12.54,12.25,12.38,9.71222e+08,78643518
20190521,12.4,12.73,12.36,12.56,9.19191e+08,73121051
20190522,12.57,12.57,12.32,12.4,6.28437e+08,50623072
20190523,12.24,12.42,12.14,12.29,8.17851e+08,66685543
20190524,12.35,12.45,12.31,12.35,6.13106e+08,49552620
20190527,12.21,12.42,11.93,12.37,1.27563e+09,104842598
20190528,12.31,12.55,12.26,12.49,1.09406e+09,88070312
20190529,12.36,12.59,12.26,12.4,8.27829e+08,66641150
20190530,12.32,12.38,12.11,12.22,7.87801e+08,64628465
20190531,12.16,12.4,12.11,12.18,8.39376e+08,68679439
20190603,12.22,12.33,11.82,11.9,1.81659e+09,151271905
20190604,11.89,11.94,11.6,11.85,1.14771e+09,97465534
20190605,11.97,12.14,11.92,11.97,8.99332e+08,74889231
20190606,11.97,12.07,11.89,11.92,5.19425e+08,43366526
20190610,12.01,12.47,11.98,12.34,1.40422e+09,114466882
20190611,12.34,12.72,12.3,12.65,1.57411e+09,125108751
20190612,12.63,12.66,12.44,12.57,8.25178e+08,65731018
20190613,12.54,12.68,12.43,12.59,6.66278e+08,53000026
20190614,12.59,12.69,12.45,12.49,6.06815e+08,48319173
20190617,12.48,12.79,12.48,12.67,7.86224e+08,61981588
20190618,12.67,12.85,12.59,12.8,6.16238e+08,48355512
20190619,13.29,13.39,13.01,13.07,1.505e+09,114322639
20190620,13.17,13.95,13.12,13.8,2.08321e+09,152919147
20190621,13.76,13.87,13.58,13.64,1.3841e+09,101112915
20190624,13.69,13.83,13.61,13.69,9.04433e+08,65957285
20190625,13.72,13.72,13.07,13.43,1.95486e+09,146922707
20190626,13.27,13.5,13.19,13.37,7.31207e+08,54650476
20190627,13.5,13.85,13.45,13.71,1.27004e+09,92507494
20190628,13.73,13.79,13.58,13.78,6.8268e+08,49809369
20190701,14.01,14.18,13.87,13.93,1.34779e+09,96063600
20190702,13.88,14.24,13.86,14.18,1.48121e+09,105274486
20190703,14.18,14.21,13.87,14.01,1.07674e+09,76907849
20190704,14.01,14.28,13.88,13.99,8.73624e+08,62129252
20190705,13.95,13.98,13.69,13.92,1.03736e+09,74919609
20190708,13.82,13.88,13.45,13.59,1.0611e+09,77841390
20190709,13.63,13.71,13.44,13.59,6.70392e+08,49429611
20190710,13.61,13.7,13.49,13.56,4.87072e+08,35822079
20190711,13.68,13.78,13.53,13.54,6.60588e+08,48418314
20190712,13.6,14.23,13.58,14.12,2.05575e+09,146536652
20190715,14.03,14.12,13.84,14,1.1758e+09,84128276
20190716,13.97,13.99,13.71,13.75,9.98152e+08,72278079
20190717,13.7,13.81,13.61,13.69,5.61944e+08,41002063
20190718,13.65,13.81,13.56,13.67,5.78067e+08,42282622
20190719,13.74,14.08,13.68,13.99,1.20732e+09,86639070
20190722,13.96,14.02,13.76,13.85,8.07249e+08,58228330
20190723,13.86,13.87,13.65,13.76,6.92328e+08,50400423
20190724,13.87,14.01,13.79,13.88,7.93388e+08,57027622
20190725,13.92,14.27,13.85,14.2,1.53489e+09,108782641
20190726,14.18,14.25,14.08,14.23,9.01074e+08,63530571
20190729,14.25,14.45,14.18,14.29,1.02326e+09,71557619
20190730,14.31,14.55,14.29,14.37,1.14858e+09,79663432
20190731,14.3,14.32,14.08,14.13,8.99228e+08,63472348
20190801,14.06,14.19,13.94,14.1,7.42308e+08,52798128
20190802,13.77,13.88,13.66,13.74,1.3334e+09,96992646
20190805,13.6,13.64,13.27,13.35,1.20189e+09,89308242
20190806,13.1,13.46,13.03,13.37,1.16697e+09,88249913
20190807,13.49,13.64,13.37,13.54,1.07074e+09,79303899
20190808,13.9,14.5,13.85,14.38,3.3133e+09,233071504
20190809,14.55,14.85,14.43,14.52,3.02188e+09,206057513
20190812,14.61,15.12,14.6,15.12,4.0845e+09,273342547
20190813,15,15.08,14.74,14.89,1.92584e+09,129373644
20190814,15.14,15.22,14.8,14.97,2.03826e+09,136054654
20190815,14.64,14.96,14.6,14.94,1.33312e+09,89737626
20190816,15.09,15.14,14.78,14.9,1.4749e+09,98690293
20190819,14.91,14.94,14.52,14.92,3.36821e+09,229295613
20190820,14.92,15.2,14.77,14.99,2.8723e+09,192104150
20190821,14.87,14.89,14.38,14.45,2.90225e+09,199013195
20190822,14.4,14.45,14.2,14.31,1.93521e+09,135307158
20190823,14.37,14.74,14.35,14.65,2.38824e+09,163686768
20190826,14.42,14.5,14.15,14.25,2.0185e+09,141512254
20190827,14.36,14.48,14.24,14.31,1.94813e+09,135671337
20190828,14.26,14.28,14.05,14.27,1.17633e+09,82965768
20190829,14.22,14.24,14.08,14.13,8.61177e+08,60903434
20190830,14.29,14.39,14.1,14.16,1.13612e+09,79850057
20190902,14.15,14.5,14.11,14.45,1.95567e+09,136020130
20190903,14.48,14.51,14.25,14.3,1.23061e+09,85865365
20190904,14.32,14.5,14.31,14.44,1.40404e+09,97396487
20190905,14.56,14.85,14.55,14.58,2.59948e+09,176805143
20190906,14.71,14.81,14.62,14.81,1.45126e+09,98643280
20190909,14.98,15,14.6,14.69,1.91804e+09,129983914
20190910,14.6,14.64,14.41,14.55,1.15518e+09,79687064
20190911,14.6,14.71,14.46,14.56,1.19267e+09,81861421
20190912,14.66,14.78,14.53,14.68,1.68291e+09,115068764
20190916,14.7,14.72,14.4,14.45,1.3494e+09,92989414
20190917,14.36,14.45,14.18,14.24,1.26142e+09,88265575
20190918,14.24,14.48,14.24,14.41,1.17908e+09,82043633
20190919,14.48,14.89,14.48,14.84,2.77738e+09,188402083
20190920,14.95,15.4,14.93,15.34,4.02065e+09,264428514
20190923,15.34,15.47,15.18,15.38,2.14874e+09,140328200
20190924,15.47,15.54,15.18,15.18,1.72624e+09,112910324
20190925,15.2,15.85,15.19,15.75,3.0246e+09,193889272
20190926,15.86,16.04,15.66,15.71,2.6731e+09,168659258
20190927,15.85,16,15.7,15.9,1.59857e+09,100770627
20190930,15.75,15.89,15.57,15.59,1.64583e+09,104636317
20191008,15.6,16.23,15.6,16.2,2.22502e+09,138667636
20191009,16.1,16.52,16.02,16.25,2.14506e+09,131669341
20191010,16.27,16.27,15.99,16.24,1.41875e+09,87974662
20191011,16.2,16.95,16.2,16.81,2.33503e+09,140542282
20191014,16.97,17.6,16.92,17.22,2.68893e+09,155763745
20191015,17.25,17.35,16.82,17.18,1.50363e+09,88195542
20191016,17.26,17.44,16.63,16.79,2.14615e+09,126767121
20191017,16.9,17,16.55,16.7,1.88705e+09,112618222
20191018,16.8,17.04,16.43,16.51,1.99901e+09,119679914
20191021,16.43,16.97,16.43,16.89,1.58928e+09,94595225
20191022,16.91,16.93,16.03,16.42,3.07255e+09,188353143
20191023,16.32,16.67,16.23,16.45,1.59078e+09,96753459
20191024,16.5,17,16.44,16.87,1.86103e+09,110921477
20191025,16.78,16.96,16.58,16.88,1.1611e+09,69143576
20191028,16.98,17.04,16.48,16.66,1.78087e+09,107013113
20191029,16.69,16.93,16.56,16.91,1.32204e+09,78886473
20191030,16.8,16.96,16.42,16.43,1.42064e+09,85431717
20191031,16.42,16.47,16.24,16.26,1.40701e+09,86256930
20191101,16.35,17,16.28,16.86,2.09607e+09,125465544
20191104,16.98,17.25,16.77,16.92,1.50791e+09,88982425
20191105,16.8,17.44,16.79,17.15,2.01092e+09,117248589
20191106,17.06,17.26,16.88,16.96,1.47023e+09,86332536
20191107,16.93,17.07,16.75,16.89,1.20067e+09,71189699
20191108,16.98,17.02,16.64,16.65,1.42109e+09,84913924
20191111,16.5,16.53,16.2,16.28,1.55652e+09,95351563
20191112,16.29,16.37,16.16,16.33,8.40769e+08,51626640
20191113,16.29,16.46,16.06,16.33,1.06798e+09,65512065
20191114,16.43,16.48,16.25,16.32,7.67006e+08,46889955
20191115,16.39,16.55,16.24,16.34,9.3354e+08,56922798
20191118,16.35,16.55,16.23,16.45,9.15984e+08,55791841
20191119,16.45,16.48,16.31,16.41,9.20998e+08,56212040
20191120,16.3,16.3,15.77,15.85,2.7476e+09,172438353
20191121,15.75,15.87,15.63,15.86,1.21852e+09,77256324
20191122,15.89,15.92,15.55,15.59,1.21606e+09,77347354
20191125,15.64,15.84,15.54,15.8,1.23339e+09,78325794
20191126,15.89,15.89,15.49,15.62,1.27159e+09,81529753
20191127,15.64,15.64,15.39,15.47,7.36584e+08,47616998
20191128,15.47,15.54,15.44,15.49,5.85252e+08,37801651
20191129,15.54,15.55,15.18,15.29,1.00145e+09,65386691
20191202,15.35,15.43,15.23,15.36,8.49784e+08,55387738
20191203,15.3,15.46,15.21,15.45,7.00294e+08,45541805
20191204,15.34,15.41,15.21,15.31,8.0211e+08,52454527
20191205,15.35,15.48,15.3,15.43,8.57683e+08,55708446
20191206,15.47,15.72,15.46,15.6,1.10942e+09,71261524
20191209,15.62,15.62,15.35,15.41,9.35136e+08,60599289
20191210,15.36,15.38,15.25,15.33,8.51378e+08,55638388
20191211,15.38,15.68,15.3,15.66,1.35179e+09,87150519
20191212,15.66,15.67,15.53,15.6,7.47519e+08,47899882
20191213,15.85,16.12,15.77,16.12,1.68071e+09,105310381
20191216,16.12,16.14,15.87,16.13,1.2628e+09,78795234
20191217,16,16.63,15.98,16.5,1.96989e+09,120310490
20191218,16.43,16.66,16.41,16.46,1.31761e+09,79709133
20191219,16.55,16.74,16.44,16.55,1.11993e+09,67553676
20191220,16.55,16.68,16.44,16.59,1.06787e+09,64447838
20191223,16.68,16.68,16.17,16.24,1.17337e+09,71579272
20191224,16.23,16.5,16.23,16.4,7.52352e+08,45912842
20191225,16.45,16.56,16.24,16.3,6.79665e+08,41491798
20191226,16.34,16.48,16.32,16.47,6.10382e+08,37203386
20191227,16.53,16.93,16.43,16.63,1.74147e+09,104257472
20191230,16.46,16.63,16.1,16.57,1.60315e+09,97697031
20191231,16.57,16.63,16.31,16.45,1.1547e+09,70444225
20200102,16.65,16.95,16.55,16.87,2.5712e+09,153023187
20200103,16.94,17.31,16.92,17.18,1.9145e+09,111619481
20200106,17.01,17.34,16.91,17.07,1.47793e+09,86208350
20200107,17.13,17.28,16.95,17.15,1.24705e+09,72860756
20200108,17,17.05,16.63,16.66,1.42361e+09,84782412
20200109,16.81,16.93,16.53,16.79,1.72533e+09,103163665
20200110,16.79,16.81,16.52,16.69,9.75155e+08,58554845
20200113,16.75,17.03,16.61,16.99,1.46827e+09,87213336
20200114,16.99,17.27,16.76,16.76,2.21761e+09,130449366
20200115,16.79,16.86,16.45,16.52,1.42489e+09,85943912
20200116,16.52,16.57,16.2,16.33,1.67889e+09,102810467
20200117,16.38,16.55,16.35,16.39,9.95909e+08,60543669
20200120,16.43,16.61,16.35,16.45,1.22646e+09,74607475
20200121,16.34,16.34,15.93,16,1.44217e+09,89660310
20200122,15.92,16.16,15.71,16.09,1.15093e+09,71946491
20200123,15.92,15.92,15.39,15.54,1.72339e+09,110059207
20200203,13.99,14.7,13.99,13.99,3.20145e+09,225919483
20200204,14.05,14.66,14.02,14.6,2.44293e+09,170617207
20200205,14.59,14.89,14.32,14.63,2.17763e+09,149138021
20200206,14.81,14.87,14.51,14.77,1.74011e+09,118581572
20200207,14.6,14.69,14.41,14.62,1.34505e+09,92485296
20200210,14.51,14.53,14.3,14.5,1.93198e+09,133949524
20200211,14.6,14.94,14.56,14.79,2.07719e+09,140750744
20200212,14.79,14.82,14.6,14.77,1.57323e+09,107050321
20200213,14.71,14.88,14.61,14.65,1.49133e+09,101320528
20200214,14.75,15.14,14.7,15.03,2.25391e+09,151243473
20200217,15.04,15.37,14.93,15.37,2.33799e+09,154369601
20200218,15.33,15.33,15.01,15.2,1.47827e+09,97361235
20200219,15.1,15.37,15.08,15.24,1.33373e+09,87410693
20200220,15.27,15.62,15.1,15.59,1.89792e+09,123544434
20200221,15.49,15.72,15.45,15.58,1.54669e+09,99507102
20200224,15.46,15.46,15.15,15.23,1.82018e+09,119179450
20200225,15,15.13,14.78,15.04,1.71037e+09,114457502
20200226,14.77,15.27,14.7,14.99,1.76961e+09,117659915
20200227,14.96,15.15,14.89,15.11,1.46461e+09,97527090
20200228,14.85,15.04,14.46,14.5,1.90689e+09,130064445
20200302,14.55,14.95,14.46,14.79,1.64743e+09,111658066
20200303,14.96,14.99,14.63,14.72,1.70582e+09,115358432
20200304,14.68,14.78,14.51,14.69,1.26112e+09,86259523
20200305,14.8,15.64,14.73,15.39,4.08949e+09,268660234
20200306,15.18,15.27,15.02,15.03,1.85869e+09,122853103
20200309,14.71,14.73,14.42,14.45,2.42039e+09,166579354
20200310,14.38,14.85,14.38,14.76,1.70908e+09,116786497
20200311,14.77,14.88,14.62,14.69,1.20125e+09,81438164
20200312,14.65,14.84,14.53,14.68,1.44744e+09,98649711
20200313,13.9,14.58,13.9,14.52,1.66901e+09,116976580
20200316,14.45,14.46,13.75,13.75,1.97582e+09,140620218
20200317,13.75,13.97,13.13,13.41,1.58251e+09,117784906
20200318,13.41,13.55,12.65,12.71,1.81684e+09,138478437
20200319,12.68,12.74,11.91,12.23,2.31386e+09,189145713
20200320,12.4,12.68,12.26,12.52,1.96749e+09,157835296
20200323,12,12.35,11.93,12.15,1.30047e+09,107111364
20200324,12.4,12.68,12.27,12.61,1.47291e+09,118020026
20200325,12.88,13.07,12.7,12.87,1.46753e+09,113695774
20200326,12.78,13.34,12.72,13.06,1.40865e+09,107519243
20200327,13.25,13.38,13.08,13.15,8.61619e+08,65301888
20200330,12.85,13.04,12.76,12.94,8.52956e+08,66173879
20200331,13.05,13.09,12.78,12.8,6.62915e+08,51337030
20200401,12.86,13.13,12.82,12.89,6.7607e+08,52083604
20200402,12.75,12.97,12.66,12.97,6.63198e+08,51836504
20200403,12.82,12.89,12.55,12.61,1.04728e+09,82534814
20200407,12.89,12.94,12.81,12.88,1.1212e+09,87031371
20200408,12.88,12.92,12.72,12.78,6.76605e+08,52871614
20200409,12.88,12.89,12.72,12.74,5.22028e+08,40855377
20200410,12.76,12.98,12.65,12.79,8.5369e+08,66667495
20200413,12.67,12.71,12.47,12.59,5.62008e+08,44621440
20200414,12.65,12.86,12.57,12.86,8.74857e+08,68608687
20200415,12.86,12.93,12.78,12.87,8.43649e+08,65639640
20200416,12.79,12.79,12.54,12.68,9.97624e+08,78915498
20200417,12.77,13.04,12.65,12.89,1.71322e+09,133116477
20200420,12.86,13.05,12.77,12.99,1.05852e+09,81845583
20200421,13.3,13.7,13.3,13.45,2.86188e+09,212244834
20200422,13.37,13.42,13.16,13.23,1.36822e+09,103280274
20200423,13.23,13.31,13.11,13.23,8.55052e+08,64698963
20200424,13.17,13.28,13.11,13.24,7.47474e+08,56600161
20200427,13.3,13.64,13.25,13.5,1.26381e+09,93682990
20200428,13.45,13.56,13.27,13.52,1.03872e+09,77156417
20200429,13.48,14.1,13.45,14.02,1.54164e+09,110872239
20200430,14.02,14.32,13.88,13.93,1.15597e+09,81954043
20200506,13.76,13.89,13.61,13.77,1.38273e+09,100899802
20200507,13.76,13.76,13.6,13.69,9.0435e+08,66274923
20200508,13.76,14.02,13.68,13.95,1.29792e+09,93478170
20200511,13.92,14.13,13.9,14,8.59157e+08,61286229
20200512,13.95,14.05,13.72,13.79,7.7211e+08,55851114
20200513,13.75,13.78,13.53,13.63,8.71062e+08,64035879
20200514,13.55,13.59,13.22,13.3,1.25944e+09,94467209
20200515,13.39,13.43,13.14,13.23,1.00431e+09,75679447
20200518,13.2,13.34,13.12,13.2,8.4348e+08,63720857
20200519,13.41,13.45,13.27,13.36,8.01756e+08,60036864
20200520,13.38,13.62,13.27,13.51,9.29929e+08,69085107
20200521,13.52,13.57,13.36,13.4,7.42797e+08,55231200
20200522,13.33,13.34,12.92,12.92,1.11943e+09,85623733
20200525,12.97,12.98,12.76,12.96,5.28769e+08,41017078
20200526,13.02,13.07,12.94,13.04,5.15452e+08,39621240
20200527,13.05,13.19,12.96,13,6.30306e+08,48296294
20200528,12.87,13.18,12.81,13.07,1.25523e+09,96076031
20200529,13.01,13.04,12.92,13,5.94502e+08,45780822
20200601,13.1,13.39,13.08,13.32,1.17362e+09,88296055
20200602,13.29,13.63,13.28,13.55,1.19438e+09,88345888
20200603,13.64,13.88,13.5,13.54,1.30878e+09,95680308
20200604,13.53,13.64,13.41,13.57,7.88708e+08,58306633
20200605,13.6,13.62,13.43,13.59,5.17232e+08,38302690
20200608,13.68,13.85,13.58,13.62,8.02116e+08,58597190
20200609,13.64,13.73,13.53,13.67,6.46896e+08,47430007
20200610,13.71,13.71,13.4,13.49,7.81996e+08,58047620
20200611,13.38,13.39,13,13.08,1.7742e+09,134903982
20200612,12.9,13.02,12.87,12.99,1.33162e+09,103055057
20200615,12.85,12.97,12.8,12.82,8.50767e+08,66031307
20200616,12.9,12.99,12.86,12.89,9.27044e+08,71805910
20200617,12.89,12.92,12.76,12.85,9.18251e+08,71646824
20200618,12.76,12.8,12.59,12.76,1.41997e+09,111964780
20200619,12.73,12.84,12.61,12.8,1.95458e+09,153952178
20200622,12.74,12.76,12.62,12.64,1.67102e+09,131907979
20200623,12.65,12.69,12.52,12.6,1.24805e+09,99080673
20200624,12.64,12.88,12.6,12.8,1.94633e+09,152322048
20200629,12.92,12.97,12.71,12.8,1.33068e+09,103848006
20200630,12.83,12.88,12.72,12.8,1.19918e+09,93794022
20200701,12.79,13.15,12.74,13.12,2.2028e+09,169739001
20200702,13.08,13.49,12.97,13.43,3.43351e+09,259050119
20200703,13.57,14.32,13.56,14.25,5.28092e+09,376833363
20200706,14.6,15.68,14.59,15.68,7.16865e+09,471146078
20200707,16.3,16.63,15.03,15.48,6.26792e+09,396442747
20200708,15.23,16,15.23,15.76,4.09545e+09,263133916
20200709,15.66,15.66,15.31,15.53,3.46952e+09,224399440
20200710,15.35,15.48,14.76,14.86,3.25427e+09,215877326
20200713,14.7,15.08,14.5,14.89,2.87141e+09,193716012
20200714,14.9,15.19,14.55,14.68,2.89177e+09,195356627
20200715,14.78,14.86,14.23,14.27,2.94717e+09,204256283
20200716,14.3,14.55,14.12,14.15,2.7715e+09,193089129
20200717,14.17,14.28,13.95,14.14,1.82104e+09,129134677
20200720,14.23,14.77,14.1,14.73,2.87276e+09,197963200
20200721,14.68,14.68,14.4,14.49,1.81557e+09,125286569
20200722,14.49,14.65,14.27,14.41,1.89545e+09,131295159
20200723,14.24,14.29,13.81,14.01,2.83854e+09,202752587
20200724,13.97,13.99,13.42,13.5,2.50465e+09,183088183
20200727,13.67,13.68,13.1,13.24,2.49755e+09,188065335
20200728,13.34,13.43,13.18,13.34,1.61809e+09,121700599
20200729,13.35,13.63,13.21,13.54,2.04385e+09,151958025
20200730,13.5,13.51,13.37,13.37,1.29444e+09,96406763
20200731,13.28,13.53,13.25,13.34,1.55907e+09,116582191
20200803,13.47,13.62,13.43,13.59,1.95461e+09,144509616
20200804,13.66,14.15,13.48,14.04,3.38851e+09,244566325
20200805,13.82,13.85,13.62,13.76,1.98035e+09,144020313
20200806,13.82,13.96,13.65,13.9,1.86805e+09,135251068
20200807,13.8,13.9,13.62,13.7,1.35631e+09,98867837
20200810,13.67,14.02,13.62,13.95,2.20857e+09,158771035
20200811,13.97,14.66,13.97,14.13,3.74804e+09,260330789
20200812,14.21,14.5,14.15,14.38,2.28773e+09,159681170
20200813,14.4,14.46,14.14,14.18,1.19014e+09,83726175
20200814,14.1,14.51,14.06,14.47,1.57854e+09,110321582
20200817,14.6,15.35,14.55,15.19,4.92367e+09,326802780
20200818,15.2,15.3,14.91,15.15,2.03348e+09,135026107
20200819,15.11,15.35,14.96,15.1,2.15422e+09,142092811
20200820,15.01,15.14,14.53,14.59,1.96261e+09,133380162
20200821,14.71,14.71,14.32,14.45,1.78728e+09,123451733
20200824,14.5,14.71,14.41,14.46,1.33803e+09,91944886
20200825,14.56,14.69,14.46,14.6,1.09076e+09,74832022
20200826,14.6,14.61,14.28,14.37,1.05727e+09,73411772
20200827,14.4,14.46,14.11,14.46,8.95619e+08,62666677
20200828,14.26,15.18,14.26,15.13,3.59904e+09,241040002
20200831,15.3,15.68,14.99,15.08,2.76035e+09,179712954
20200901,14.96,15.23,14.88,15.14,1.22834e+09,81364258
20200902,15.01,15.53,15.01,15.32,2.57597e+09,167938297
20200903,15.32,15.33,14.84,14.9,1.91927e+09,127984159
20200904,14.73,15.06,14.6,14.96,1.35355e+09,90988999
20200907,14.88,15.24,14.83,14.94,1.55197e+09,103137681
20200908,15,15.43,15,15.43,2.15422e+09,140760166
20200909,15.26,15.56,15.13,15.21,1.55401e+09,101357247
20200910,15.32,15.48,15.2,15.34,1.4694e+09,95709239
20200911,15.18,15.3,14.82,15.01,1.43184e+09,95423625
20200914,15.01,15.3,14.92,15.3,1.02751e+09,68025105
20200915,15.2,15.48,15.15,15.35,1.008e+09,65713267
20200916,15.32,15.54,15.21,15.44,1.11467e+09,72241475
20200917,15.54,15.72,15.4,15.57,1.54341e+09,98821563
20200918,15.62,16.09,15.52,16.07,2.18676e+09,137319330
20200921,16,16.05,15.71,15.86,1.41837e+09,89616165
20200922,15.67,15.84,15.39,15.57,1.35454e+09,86775631
20200923,15.59,15.83,15.51,15.63,9.39763e+08,59920047
20200924,15.59,15.61,15.12,15.12,1.62338e+09,106101124
20200925,15.2,15.31,15.11,15.19,9.33035e+08,61408700
20200928,15.19,15.37,14.98,15.31,9.32801e+08,61271111
20200929,15.39,15.41,14.76,14.8,1.76685e+09,118237440
20200930,14.8,15.27,14.8,15.17,1.83855e+09,121706482
20201009,15.3,15.55,15.13,15.18,1.377e+09,90042593
20201012,15.22,16.05,15.21,15.9,2.509e+09,159134715
20201013,15.9,16.11,15.77,16.06,1.45399e+09,90881948
20201014,16.04,16.12,15.8,16.03,1.05794e+09,66256236
20201015,16.2,16.92,16.15,16.56,2.65438e+09,160006232
20201016,16.56,17.37,16.54,17.1,3.58923e+09,209561419
20201019,17.3,18.1,17.3,17.48,3.57134e+09,201610552
20201020,17.48,17.6,17.25,17.54,1.67317e+09,96007195
20201021,17.64,18,17.33,17.91,2.20404e+09,124456018
20201022,17.94,18.5,17.3,17.56,3.34207e+09,189051905
20201023,17.53,18.78,17.53,18.13,3.10562e+09,169850168
20201026,18.2,18.29,17.45,17.7,2.0858e+09,117559865
20201027,18,18,17.5,17.76,1.83924e+09,103486504
20201028,17.76,17.9,17.29,17.63,2.1256e+09,120582386
20201029,17.54,17.93,17.35,17.77,1.49804e+09,84660362
20201030,17.74,18.36,17.6,17.75,1.81306e+09,100780383
20201102,17.65,18.05,17.33,17.63,1.70274e+09,96845277
20201103,17.71,18.34,17.7,17.96,1.72749e+09,95786863
20201104,18.35,18.48,17.96,18.32,2.27582e+09,124763640
20201105,18.37,18.5,17.54,17.7,2.55856e+09,142946944
20201106,17.71,17.75,17.22,17.64,1.48649e+09,84878153
20201109,17.67,18,17.54,17.84,1.68881e+09,95142432
20201110,18,18.5,17.93,18.11,1.85414e+09,102106281
20201111,18.2,18.3,17.6,17.81,1.67781e+09,94013007
20201112,17.81,17.94,17.45,17.66,1.19728e+09,67725848
20201113,17.42,17.47,16.69,17.18,2.19149e+09,128918923
20201116,17.08,17.43,16.9,17.37,1.30819e+09,75985693
20201117,17.38,17.93,17.25,17.83,1.50951e+09,85293051
20201118,17.78,18.5,17.75,18.46,2.50863e+09,137340072
20201119,18.59,18.98,18.3,18.85,2.27048e+09,121174062
20201120,18.83,18.99,18.52,18.86,1.26526e+09,67391922
20201123,18.85,19.62,18.8,19.62,2.25229e+09,116585826
20201124,19.62,19.68,19.17,19.36,1.3135e+09,67854323
20201125,19.48,19.7,19.05,19.06,1.06835e+09,55258501
20201126,19.05,19.61,19.03,19.5,1.24007e+09,63965789
20201127,20,20,19.38,19.7,1.47943e+09,75377374
20201130,19.9,20.88,19.59,19.74,3.21368e+09,158144128
20201201,19.7,20.51,19.4,20.05,2.51601e+09,126371975
20201202,19.93,20.06,19.52,19.63,1.75864e+09,88938529
20201203,19.78,19.86,19.17,19.54,1.39309e+09,71445230
20201204,19.47,19.47,18.97,19.3,1.70764e+09,89134784
20201207,19.31,19.39,18.68,18.91,1.65517e+09,87380661
20201208,18.92,19.03,18.53,18.71,1.34595e+09,71964751
20201209,18.79,19.05,18.68,18.71,1.27748e+09,67722115
20201210,18.73,18.88,18.45,18.65,1.13092e+09,60786655
20201211,18.71,18.8,18.22,18.52,1.64239e+09,88779387
20201214,18.6,19.06,18.5,18.88,1.5754e+09,83599174
20201215,18.8,18.85,18.15,18.74,1.45827e+09,78885794
20201216,18.8,19.1,18.58,19.01,1.30213e+09,68907042
20201217,18.91,19.07,18.6,18.95,1.29466e+09,68614069
20201218,19,19.1,18.23,18.36,1.95976e+09,105875636
20201221,18.3,18.64,18.03,18.28,1.66265e+09,90687811
20201222,18.36,18.65,17.88,17.9,1.87364e+09,102873751
20201223,17.96,18.07,17.79,18,1.34565e+09,75008273
20201224,18.15,18.49,18.05,18.26,1.15577e+09,63295012
20201225,18.26,18.26,17.8,18.04,1.03813e+09,57707733
20201228,18.02,18.86,17.96,18.85,2.35295e+09,127033706
20201229,18.87,19.3,18.7,19.17,1.83795e+09,96309223
20201230,19,19.2,18.72,19.2,1.85408e+09,97849778
20201231,19.21,19.58,19.02,19.34,1.78174e+09,92450343
20210104,19.1,19.1,18.44,18.6,2.89168e+09,155421643
20210105,18.4,18.48,17.8,18.17,3.28461e+09,182135210
20210106,18.08,19.56,18,19.56,3.64852e+09,193494512
20210107,19.52,19.98,19.23,19.9,3.11127e+09,158418530
20210108,19.9,20.1,19.31,19.85,2.34832e+09,119547322
20210111,20,20.64,20,20.38,3.65255e+09,179045714
20210112,20.39,21,20.18,21,2.65769e+09,128816550
20210113,21,21.01,20.4,20.7,2.16185e+09,104911973
20210114,20.68,20.89,19.95,20.17,2.3064e+09,113015562
20210115,21,21.95,20.82,21,5.31122e+09,248068898
20210118,21.2,22.78,21.2,22.7,4.79291e+09,215730178
20210119,22.51,22.84,22.05,22.34,2.79006e+09,124208834
20210120,22.15,22.97,22.12,22.47,2.88925e+09,128079316
20210121,22.5,22.8,22.15,22.23,2.11425e+09,94477860
20210122,22.23,22.23,21.51,22.03,2.02583e+09,92443442
20210125,21.72,22.6,21.43,22.49,2.26903e+09,102836527
20210126,22.3,23.32,22.3,22.37,2.55858e+09,112672055
20210127,22.31,23.47,22.31,23.08,2.9768e+09,129415272
20210128,22.78,23.18,22.45,22.81,1.94888e+09,85747696
20210129,22.81,23.54,22.71,23.09,2.8641e+09,124025841
20210201,23,24.99,22.7,24.55,3.52956e+09,147523930
20210202,23.38,24.1,22.91,23.28,5.67918e+09,241616877
20210203,23.48,25.18,23.38,24.95,4.69018e+09,192327159
20210204,24.18,25.24,24.04,24.6,3.08455e+09,125524750
20210205,24.6,25.31,24.27,24.93,2.5178e+09,101557559
20210208,24.9,24.9,24.1,24.8,2.65095e+09,108426467
20210209,24.79,24.84,24.17,24.58,2.30298e+09,94209355
20210210,24.6,24.96,23.38,23.82,4.56974e+09,191886710
20210218,24,24.55,23.48,24.3,3.61939e+09,150523081
20210219,23.96,24.19,23.57,23.85,2.19756e+09,92258314
20210222,23.8,23.8,22.26,22.38,4.44582e+09,195684248
20210223,22.38,22.68,21.82,21.93,4.16078e+09,187046013
20210224,22.27,22.28,21.56,22.16,3.14421e+09,142849985
20210225,22.4,22.56,21.68,22.09,3.5246e+09,159340347
20210226,21.6,21.96,21.21,21.38,2.42465e+09,112497730
20210301,21.54,21.68,21.18,21.45,2.40805e+09,112538653
20210302,21.62,22.15,21.26,21.65,3.19654e+09,147342505
20210303,21.58,23.08,21.46,23.01,4.32002e+09,191963527
20210304,22.77,23.49,22.65,22.92,2.79975e+09,121357937
20210305,22.7,22.98,21.86,22.34,1.96044e+09,88017141
20210308,22.44,22.69,21.48,21.6,2.18919e+09,99377397
20210309,21.68,21.92,20.58,20.85,2.88293e+09,136189533
20210310,20.84,20.91,20.28,20.4,2.35619e+09,114941657
20210311,20.58,21.38,20.56,21.27,2.21311e+09,104865939
20210312,21.37,21.7,21.2,21.48,1.49422e+09,69720060
20210315,21.4,22.12,21.11,21.6,2.07798e+09,95874870
20210316,21.6,22.11,21.27,21.66,2.03847e+09,93968432
20210317,21.45,21.55,20.9,21.2,1.73819e+09,82148865
20210318,21.3,21.73,21,21.73,1.4838e+09,69161019
20210319,21.53,21.65,20.37,20.47,3.15918e+09,152562227
20210322,20.55,21.55,20.53,21.55,3.08755e+09,145119008
20210323,21.57,21.65,20.96,21.23,1.44804e+09,68290338
20210324,21.21,21.28,20.45,20.53,1.75769e+09,85008507
20210325,20.58,20.83,20.4,20.75,1.01717e+09,49266574
20210326,20.84,21.4,20.76,21.14,1.73341e+09,82210806
20210329,21.28,21.65,21.2,21.49,1.6844e+09,78566668
20210330,21.38,21.93,21.21,21.93,1.60124e+09,73865481
20210331,21.77,22.07,21.6,22.01,1.69992e+09,77702807
20210401,22.08,22.11,21.5,21.78,1.18387e+09,54444898
20210402,21.7,21.73,21.36,21.5,1.24941e+09,58108352
20210406,21.55,22.09,21.51,21.68,8.73387e+08,40110282
20210407,21.88,21.93,21.31,21.64,1.11677e+09,51760459
20210408,21.46,21.73,21.33,21.56,8.25171e+08,38302950
20210409,21.71,21.72,21.08,21.3,8.49871e+08,39896028
20210412,21.51,21.51,20.63,20.7,1.24007e+09,59474314
20210413,20.72,20.88,20.59,20.78,1.03699e+09,49990418
20210414,20.79,20.94,20.42,20.67,1.113e+09,53743849
20210415,20.76,20.77,20.08,20.36,1.49402e+09,73586505
20210416,20.36,20.43,19.81,20.26,1.46651e+09,72999826
20210419,20.03,21.24,19.91,21.15,2.30402e+09,111228262
20210420,21.08,21.95,20.92,21.69,1.79825e+09,83477272
20210421,22.3,23.19,22.29,23.01,3.64458e+09,159709965
20210422,23.19,23.23,22.78,22.98,1.90521e+09,82969388
20210423,23.32,23.65,23.07,23.29,1.92041e+09,82323015
20210426,23.87,24.23,22.9,22.94,2.03711e+09,87241767
20210427,22.95,23.19,22.86,22.94,1.08304e+09,47043140
20210428,23.29,23.45,22.78,23.35,1.37514e+09,59383793
20210429,23.34,23.71,23.11,23.59,1.43982e+09,61483688
20210430,23.35,23.49,23.01,23.29,1.30818e+09,56198132
20210506,23.1,23.7,23.1,23.5,1.17418e+09,50029522
20210507,23.67,24.3,23.39,24.05,1.92911e+09,80221421
20210510,24,24.04,23.02,23.86,1.56686e+09,66143890
20210511,23.62,23.75,23.06,23.53,1.16185e+09,49722345
20210512,23.29,23.64,22.88,23.55,1.24552e+09,53326526
20210513,23.52,23.59,22.84,23.07,1.27195e+09,54965250
20210514,23.14,23.43,22.6,23.32,1.30025e+09,56378536
20210517,23.15,23.82,22.95,23.6,1.24161e+09,52756465
20210518,23.85,24.11,23.4,23.9,9.39787e+08,39541498
20210519,23.82,24.13,23.52,23.6,1.02255e+09,42942033
20210520,23.41,23.84,23.27,23.82,9.57479e+08,40578837
20210521,23.88,24.09,23.03,23.49,1.26306e+09,53933574
20210524,23.48,23.6,23.19,23.48,8.06092e+08,34393563
20210525,23.54,24.73,23.45,24.6,2.36315e+09,97237462
20210526,24.64,25.12,24.5,25.01,2.28654e+09,91926378
20210527,24.91,25.16,24.52,24.79,1.24671e+09,50409136
20210528,24.68,24.71,24.16,24.5,1.20052e+09,49240073
20210531,24.33,24.53,23.91,24.2,1.24421e+09,51535081
20210601,24.2,24.25,23.5,23.92,1.49048e+09,62501796
20210602,23.89,23.92,23.38,23.89,1.17661e+09,49752702
20210603,23.72,24.14,23.68,23.77,9.58876e+08,40090085
20210604,23.99,24.96,23.8,24.54,1.85143e+09,75673942
20210607,24.48,24.48,23.93,24.3,1.08174e+09,44791410
20210608,24.15,24.57,23.95,24.53,1.38412e+09,57007792
20210609,24.43,24.88,24.18,24.65,1.11677e+09,45383150
20210610,24.66,25.06,24.15,24.2,1.29497e+09,53021516
20210611,24.31,24.35,23.12,23.37,1.96539e+09,83466504
20210615,23.35,23.43,22.8,23.22,1.5245e+09,66062259
20210616,23.22,23.4,23.01,23.26,8.78471e+08,37820804
20210617,23.02,23.69,23.02,23.1,1.05912e+09,45328209
20210618,23.13,23.28,22.39,22.65,1.57444e+09,69409930
20210621,22.6,22.67,22.01,22.16,1.60012e+09,71827274
20210622,22.38,23.09,22.25,22.97,1.72006e+09,75775141
20210623,22.85,23.41,22.72,23.14,1.03584e+09,44790778
20210624,23.03,23.12,22.68,23.08,8.94502e+08,39028349
20210625,23.08,23.6,23.06,23.36,1.31029e+09,55997295
20210628,23.36,23.39,22.48,22.78,1.4257e+09,62625737
20210629,22.58,22.79,22,22.34,2.34193e+09,104974939
20210630,22.36,22.93,22.35,22.62,9.13285e+08,40343546
20210701,22.81,23.5,22.52,23.2,1.53055e+09,66483330
20210702,22.72,22.74,21.76,21.81,2.36019e+09,107067756
20210705,21.69,22.15,21.09,22.06,1.85939e+09,85934129
20210706,22.08,23,21.85,22.78,1.78479e+09,79195726
20210707,22.68,23.05,22.5,22.55,1.06391e+09,46894487
20210708,22.78,22.78,21.2,21.51,3.14066e+09,145705947
20210709,21.3,21.63,21.02,21.27,1.62546e+09,76236474
20210712,21.5,21.5,20.89,21.16,1.85906e+09,87790102
20210713,21.15,21.34,20.54,21.12,1.38203e+09,65761395
20210714,21,21,20.41,20.76,1.75581e+09,84795055
20210715,20.72,21.72,20.63,21.62,2.04027e+09,95600305
20210716,21.41,21.82,21.3,21.34,1.23018e+09,57300261
20210719,21.36,21.43,20.78,21.21,1.09843e+09,52213595
20210720,21.1,21.2,20.47,20.6,1.66532e+09,80403433
20210721,20.58,20.8,20.2,20.45,1.53533e+09,75307652
20210722,20.45,20.66,20.24,20.38,1.774e+09,86864809
20210723,20.38,20.38,20,20.1,1.46147e+09,72740433
20210726,19.96,19.99,18.43,18.8,2.77024e+09,145130394
20210727,18.87,18.99,17.6,17.76,2.46171e+09,135755148
20210728,17.85,18.07,17.68,17.75,1.89856e+09,106299421
20210729,17.91,18.24,17.78,17.96,1.56611e+09,87237812
20210730,17.92,18.05,17.24,17.69,1.67975e+09,95015588
20210802,17.64,18.14,17.18,18.01,2.05601e+09,115992263
20210803,17.99,18.15,17.66,17.89,1.60942e+09,89694857
20210804,18.04,18.07,17.6,17.81,1.30016e+09,72962008
20210805,17.7,18.05,17.58,17.68,1.1049e+09,62157388
20210806,17.55,17.9,17.45,17.86,1.00587e+09,56745413
20210809,17.91,19.25,17.84,19.06,3.3138e+09,175279800
20210810,19.09,19.98,18.9,19.73,2.53543e+09,130198844
20210811,19.99,20.58,19.7,19.81,2.10498e+09,104830844
20210812,19.79,20.3,19.63,19.89,1.33039e+09,66645800
20210813,19.78,19.92,19.5,19.89,1.11019e+09,56288502
20210816,20.09,20.2,19.57,19.95,1.24768e+09,62705022
20210817,19.85,20.22,19.61,19.67,9.47386e+08,47602194
20210818,19.67,21.2,19.55,20.62,2.73221e+09,133273216
20210819,20.48,20.62,20.02,20.34,1.31532e+09,64997561
20210820,19.97,20.07,18.7,19.42,3.11915e+09,161462793
20210823,19.5,20.05,19.11,19.3,2.31587e+09,119184935
20210824,19.35,19.97,19.21,19.36,1.69076e+09,86895330
20210825,19.42,19.47,18.95,19.16,1.34133e+09,69808397
20210826,19.2,19.26,18.41,18.46,1.78373e+09,95161900
20210827,18.56,18.88,18.31,18.39,1.35441e+09,72882023
20210830,18.21,18.29,17.55,17.72,2.22186e+09,125221101
20210831,17.72,17.93,17.31,17.8,2.07201e+09,117486786
20210901,17.48,17.92,17.01,17.88,4.04628e+09,231689409
20210902,18,18.78,17.8,18.4,4.45455e+09,242260354
20210903,18.5,18.5,17.7,18.04,2.52327e+09,139481871
20210906,17.93,18.6,17.78,18.45,2.78028e+09,151522556
20210907,18.6,19.56,18.35,19.24,3.06737e+09,162234416
20210908,19.24,19.55,19.1,19.23,1.97977e+09,102620105
20210909,19.11,19.15,18.8,19,1.39954e+09,73950585
20210910,18.89,20.77,18.84,20.57,4.66836e+09,231494528
20210913,20.36,20.51,19.81,20.21,2.60615e+09,129722802
20210914,20.18,20.27,19.27,19.37,2.27208e+09,115817315
20210915,19.31,20.99,19.19,19.52,1.6393e+09,84161841
20210916,19.3,19.5,18.73,19.08,2.23448e+09,117695356
20210917,18.9,19,18.41,18.53,2.09872e+09,112487963
20210922,17.87,18.05,17.42,17.98,2.61671e+09,147336521
20210923,18.1,18.32,17.65,17.68,2.46568e+09,137983759
20210924,17.6,17.68,17.34,17.35,2.20946e+09,126569628
20210927,17.21,17.68,17.06,17.57,1.9792e+09,114066759
20210928,17.47,18.17,17.45,17.97,2.31127e+09,129316747
20210929,17.86,18.44,17.71,18.15,2.22542e+09,123012175
20210930,18.09,18.2,17.71,17.93,1.42468e+09,79561105
20211008,18.17,18.89,18.02,18.64,2.14698e+09,115920062
20211011,19,19.74,19,19.4,2.82931e+09,145533835
20211012,19.3,19.71,19.2,19.35,2.00482e+09,103123218
20211013,19.3,19.91,19.17,19.58,1.57761e+09,80789668
20211014,19.59,19.92,18.89,19.21,1.62397e+09,84298987
20211015,19,19.9,19,19.66,1.94865e+09,99349378
20211018,19.45,19.55,19.1,19.29,1.40874e+09,72962250
20211019,19.15,19.68,19.15,19.57,1.3305e+09,68241515
20211020,19.75,19.78,19.19,19.24,1.28336e+09,66295555
20211021,19.52,20.06,19.25,20,3.19827e+09,162166101
20211022,20.16,20.59,19.8,20.04,2.28728e+09,113496363
20211025,19.71,20.2,19.5,20.12,1.4588e+09,73082823
20211026,20.06,20.45,19.86,20.05,1.31348e+09,65280684
20211027,20,20.17,19.59,19.92,1.36598e+09,68760019
20211028,19.8,19.94,19.37,19.72,1.21195e+09,61901089
20211029,19.63,19.74,19.32,19.5,1.05276e+09,53992976
20211101,19.33,19.73,19.01,19.39,1.62676e+09,84149020
20211102,19.37,19.49,17.99,18.18,3.69136e+09,199769050
20211103,18.1,18.24,17.85,18.03,2.00933e+09,111497204
20211104,18.08,18.1,17.8,17.87,1.76067e+09,98341098
20211105,17.85,18,17.57,17.64,1.94242e+09,109603988
20211108,17.62,17.81,17.36,17.42,2.40642e+09,137681482
20211109,17.48,17.65,17.26,17.53,2.16319e+09,124057275
20211110,17.46,17.47,17.16,17.4,2.10974e+09,122085088
20211111,17.35,18.43,17.32,18.35,3.75241e+09,208472900
20211112,18.31,18.63,18.11,18.27,1.75307e+09,95754646
20211115,18.35,18.63,18.2,18.43,1.20376e+09,65508999
20211116,18.36,18.54,18.17,18.22,1.09911e+09,60111048
20211117,18.15,18.3,17.98,18.11,1.20386e+09,66464038
20211118,18.09,18.12,17.73,17.8,1.43006e+09,79984377
20211119,17.8,18.24,17.7,18.15,1.41451e+09,78637156
20211122,18.03,18.25,17.9,18.12,1.33777e+09,73861780
20211123,18.11,18.35,17.68,17.88,2.21382e+09,123597796
20211124,17.77,17.95,17.66,17.87,1.31677e+09,74131084
20211125,17.74,17.79,17.63,17.68,1.06822e+09,60353270
20211126,17.62,17.67,17.52,17.58,1.21994e+09,69449988
20211129,17.41,17.57,17.36,17.51,8.95106e+08,51259471
20211130,17.54,17.68,17.35,17.44,1.28038e+09,73361606
20211201,17.43,17.77,17.37,17.64,1.24367e+09,70692519
20211202,17.62,17.81,17.37,17.59,1.74916e+09,99479835
20211203,17.64,17.7,17.41,17.65,1.24238e+09,70759974
20211206,17.85,18.56,17.8,18.1,3.89639e+09,214562528
20211207,18.3,18.67,18.15,18.46,2.97997e+09,161644387
20211208,18.45,18.55,18.16,18.47,1.79869e+09,98028118
20211209,18.49,19.06,18.37,18.7,2.72666e+09,145588668
20211210,18.51,18.7,18.27,18.38,1.82408e+09,98925513
20211213,18.47,18.88,18.18,18.27,2.4278e+09,131449027
20211214,18.16,18.17,17.52,17.58,3.43416e+09,193720890
20211215,17.51,17.66,17.4,17.55,2.26982e+09,129462741
20211216,17.55,17.73,17.46,17.72,1.44548e+09,81947951
20211217,17.7,17.75,17.57,17.57,1.06288e+09,60236967
20211220,17.56,17.65,17.45,17.52,1.30903e+09,74643520
20211221,17.49,17.71,17.48,17.59,1.5729e+09,89373404
20211222,17.62,17.64,17.3,17.39,1.70177e+09,97692775
20211223,17.4,17.43,17.21,17.32,1.83112e+09,105957594
20211224,17.33,17.35,17.21,17.31,8.4311e+08,48825149
20211227,17.33,17.35,17.16,17.22,1.26046e+09,73111899
20211228,17.22,17.33,17.09,17.17,1.93446e+09,112663891
20211229,17.16,17.16,16.7,16.75,2.48053e+09,146937398
20211230,16.76,16.95,16.72,16.82,1.34237e+09,79666360
20211231,16.86,16.9,16.4,16.48,2.89962e+09,175076089
20220104,16.48,16.66,16.18,16.66,1.91889e+09,116925933
20220105,16.58,17.22,16.55,17.15,3.34412e+09,196199817
20220106,17.11,17.27,17,17.12,1.89654e+09,110788519
20220107,17.1,17.28,17.06,17.2,1.93771e+09,112663070
20220110,17.29,17.42,17.03,17.19,1.56341e+09,90977401
20220111,17.26,17.54,17.14,17.41,2.75249e+09,158199940
20220112,17.41,17.45,16.9,17,2.56127e+09,150216355
20220113,16.91,17.24,16.82,16.98,1.55032e+09,90942265
20220114,17,17.02,16.3,16.33,3.45995e+09,210309491
20220117,16.35,16.48,16.12,16.22,1.85563e+09,114368943
20220118,16.25,16.54,16.16,16.52,1.89109e+09,115297431
20220119,16.54,16.69,16.36,16.5,1.63097e+09,98839185
20220120,16.47,17.46,16.42,17.33,5.19581e+09,303119377
20220121,17.45,17.56,17.21,17.35,2.57512e+09,148168295
20220124,17.34,17.38,16.98,17.2,1.50139e+09,87477087
20220125,17.08,17.08,16.81,16.85,1.852e+09,109328397
20220126,16.95,17.1,16.54,16.65,1.64639e+09,98497522
20220127,16.5,16.54,16.25,16.3,1.67726e+09,102464311
20220128,16.39,16.45,15.82,15.83,2.69547e+09,167556367
20220207,16.02,16.41,15.89,16.39,2.4518e+09,151547630
20220208,16.3,16.97,16.26,16.83,2.95031e+09,175469528
20220209,16.92,17,16.71,16.86,1.77425e+09,105116166
20220210,16.77,17.03,16.67,16.99,1.32685e+09,78455735
20220211,17.03,17.34,17.03,17.1,1.85217e+09,107813914
20220214,17.1,17.15,16.51,16.58,1.91761e+09,115065851
20220215,16.5,16.67,16.1,16.28,1.96899e+09,120826437
20220216,16.35,16.53,16.21,16.41,1.28223e+09,78239959
20220217,16.39,16.55,16.32,16.42,1.30651e+09,79450184
20220218,16.32,16.77,16.31,16.77,1.33023e+09,80249940
20220221,16.66,16.67,16.32,16.51,1.31602e+09,80099455
20220222,16.31,16.44,16.16,16.23,1.45416e+09,89495673
20220223,16.3,16.31,16.04,16.19,1.43129e+09,88674244
20220224,16.13,16.15,15.8,15.91,2.11284e+09,132408685
20220225,15.99,16.08,15.87,15.9,1.15789e+09,72639707
20220228,15.9,15.92,15.62,15.75,1.13715e+09,72399045
20220301,15.79,15.95,15.62,15.92,1.47469e+09,93504034
20220302,15.79,15.87,15.66,15.68,1.19632e+09,76076086
20220303,15.73,15.81,15.63,15.71,9.08172e+08,57828505
20220304,15.62,15.63,15.28,15.33,1.52379e+09,99093566
20220307,15.17,15.17,14.66,14.72,1.65596e+09,111315899
20220308,14.62,14.86,14.25,14.31,1.46315e+09,100303269
20220309,14.4,14.45,13.22,13.84,2.49204e+09,180076017
20220310,14.18,14.75,14.09,14.57,3.26987e+09,224915816
20220311,14.4,14.98,14.15,14.9,2.18748e+09,149364697
20220314,14.63,14.93,14.45,14.49,1.63728e+09,111840734
20220315,14.4,14.4,13.6,13.68,2.47977e+09,178140887
20220316,13.86,14.4,13.51,14.31,2.14164e+09,153177906
20220317,14.66,14.71,14.24,14.45,2.5065e+09,173006142
20220318,14.36,14.85,14.14,14.7,2.22216e+09,152880713
20220321,14.5,14.82,14.39,14.59,1.76567e+09,120886805
20220322,14.59,15.22,14.5,15.18,2.44317e+09,162865658
20220323,15.11,15.19,14.9,15,1.57756e+09,105010238
20220324,14.92,15.31,14.81,15.2,1.51887e+09,100235995
20220325,15.15,15.25,14.82,14.98,1.11635e+09,74293335
20220328,14.8,15.05,14.63,14.85,1.07833e+09,72713699
20220329,14.88,14.95,14.6,14.68,9.0917e+08,61564315
20220330,14.86,15.27,14.76,15.21,1.85962e+09,123679155
20220331,15.1,15.57,15.06,15.38,1.78921e+09,116374674
20220401,15.37,15.79,15.2,15.75,2.31962e+09,148487874
20220406,15.64,16.54,15.63,16.39,4.06405e+09,248854005
20220407,16.38,16.66,16.2,16.28,2.724e+09,165906455
20220408,16.26,16.45,16.13,16.4,1.74107e+09,106677946
20220411,16.35,16.4,15.8,16.05,2.27747e+09,141673536
20220412,16.05,16.26,15.66,15.92,1.65482e+09,103926142
20220413,15.89,16.08,15.72,15.8,1.4155e+09,89062806
20220414,16,16.25,15.92,16.04,1.49334e+09,92961494
20220415,15.9,16.53,15.86,16.42,2.01401e+09,123176103
20220418,16.15,16.2,15.81,15.9,1.73424e+09,108688756
20220419,15.9,15.97,15.62,15.81,1.29423e+09,82177249
20220420,15.81,16.05,15.7,15.85,1.1377e+09,71655528
20220421,15.77,15.98,15.7,15.81,1.12466e+09,70989116
20220422,15.64,16.19,15.4,16.06,1.46845e+09,92127408
20220425,15.67,15.91,14.78,14.85,2.52761e+09,166448098
20220426,14.88,14.98,14.45,14.73,1.45693e+09,98820956
20220427,14.98,15.65,14.96,15.65,2.2968e+09,149029503
20220428,15.57,15.93,15.37,15.65,1.42638e+09,91177187
20220429,15.69,15.74,14.97,15.32,2.50348e+09,164501308
20220505,15.2,15.45,15.15,15.32,1.20874e+09,79019620
20220506,15.02,15.2,14.91,14.96,1.251e+09,83243182
20220509,14.94,14.94,14.46,14.55,1.1971e+09,81862135
20220510,14.5,14.6,14.11,14.59,1.42584e+09,99228502
20220511,14.54,14.84,14.44,14.63,1.2407e+09,84857362
20220512,14.48,14.56,14.33,14.38,9.87062e+08,68506423
20220513,14.5,14.66,14.49,14.61,9.85963e+08,67631191
20220516,14.66,14.73,14.35,14.41,9.65652e+08,66822782
20220517,14.51,14.72,14.32,14.71,1.35743e+09,93140639
20220518,14.85,14.89,14.67,14.75,1.1505e+09,77857833
20220519,14.55,14.7,14.5,14.62,8.63214e+08,59092172
20220520,14.7,15.04,14.67,15.02,1.41516e+09,94859778
20220523,15.07,15.07,14.76,14.83,9.62684e+08,64772592
20220524,14.87,14.87,14.4,14.4,1.35869e+09,93355706
20220525,14.43,14.49,14.3,14.39,8.66229e+08,60322826
20220526,14.41,14.43,14.07,14.19,1.43569e+09,101131756
20220527,14.29,14.35,14.11,14.18,1.0297e+09,72306674
20220530,14.26,14.28,14.04,14.08,1.26557e+09,89690123
20220531,14.07,14.18,14,14.16,1.32501e+09,93886855
20220601,14.14,14.14,14,14.08,1.18742e+09,84529898
20220602,14.02,14.03,13.88,13.95,1.36374e+09,97926822
20220606,13.91,14.17,13.64,14.17,2.37081e+09,171085175
20220607,14.02,14.25,13.99,14.16,1.86037e+09,131511262
20220608,14.16,14.17,14.01,14.16,1.61352e+09,114552124
20220609,14.14,14.46,14.1,14.35,2.33999e+09,163290134
20220610,14.26,14.33,14.13,14.32,1.91464e+09,134601231
20220613,14.18,14.19,13.88,13.91,2.16334e+09,154775285
20220614,13.71,14.13,13.71,14.12,1.60217e+09,115142939
20220615,14.1,15.11,14.06,14.74,5.01029e+09,341354371
20220616,14.74,14.83,14.42,14.44,1.93998e+09,133254631
20220617,14.32,14.53,14.2,14.45,1.51393e+09,105378794
20220620,14.44,14.44,14.26,14.34,1.47953e+09,103216680
20220621,14.34,14.63,14.23,14.37,1.90535e+09,132179398
20220622,14.36,14.36,14.08,14.08,1.49842e+09,105604592
20220623,14.09,14.23,14.06,14.2,1.1409e+09,80602803
20220624,14.2,14.25,14.11,14.23,1.2278e+09,86604061
20220627,14.24,14.56,14.22,14.49,2.16638e+09,149727818
20220628,14.47,14.67,14.41,14.63,1.63867e+09,112511048
20220629,14.65,14.9,14.55,14.64,1.86506e+09,126654728
20220630,14.63,15.02,14.55,14.98,2.30489e+09,154874501
20220701,15,15.07,14.84,14.92,1.16403e+09,77924332
20220704,14.95,14.98,14.75,14.94,1.24145e+09,83496807
20220705,14.99,15.27,14.82,14.91,1.67472e+09,111517210
20220706,14.83,14.93,14.46,14.53,1.52002e+09,104333523
20220707,14.54,14.65,14.38,14.42,1.0577e+09,73016098
20220708,14.5,14.65,14.37,14.54,9.2885e+08,63969823
20220711,14.5,14.57,14.36,14.46,8.83614e+08,61169194
20220712,14.41,14.73,14.38,14.42,1.07843e+09,74288242
20220713,14.42,14.47,13.89,13.97,3.05691e+09,217599606
20220714,13.7,13.71,13.29,13.37,3.53458e+09,263212087
20220715,13.48,13.56,13.22,13.24,2.13992e+09,159863740
20220718,13.25,13.44,13.21,13.39,1.53634e+09,115350581
20220719,13.34,13.43,13.28,13.42,1.00856e+09,75559710
20220720,13.43,13.47,13.35,13.39,1.07394e+09,80145866
20220721,13.32,13.34,12.99,13.01,2.5887e+09,197038789
20220722,12.84,12.93,12.62,12.81,1.75556e+09,137650974
20220725,12.8,12.85,12.67,12.82,9.76072e+08,76395581
20220726,12.75,12.91,12.71,12.91,1.31431e+09,102404881
20220727,12.85,12.88,12.73,12.79,1.18289e+09,92391408
20220728,12.81,12.91,12.78,12.88,9.64904e+08,75034652
20220729,12.88,12.9,12.65,12.68,1.05952e+09,83149747
20220801,12.66,12.66,12.4,12.42,1.27799e+09,102573271
20220802,12.22,12.34,11.94,12.26,1.6644e+09,137300930
20220803,12.19,12.27,12.01,12.03,9.05653e+08,74613653
20220804,12.1,12.17,12.02,12.16,7.29352e+08,60267562
20220805,12.13,12.33,11.98,12.31,9.30836e+08,76529787
20220808,12.25,12.36,12.16,12.2,6.74951e+08,55199969
20220809,12.21,12.22,12.08,12.12,6.77099e+08,55844757
20220810,12.12,12.24,12.02,12.06,8.25806e+08,68302321
20220811,12.08,12.39,12.04,12.35,1.71072e+09,139930361
20220812,12.26,12.41,12.2,12.38,1.01061e+09,82050356
